timestamp,tweet_text,username,all_hashtags,followers_count
,,,,
15-04-2020 20:19,"b'Wireless Earbuds, Meidong KY06 Bluetooth 5.0 Headphones HiFi Stereo Sound in-Ear https://t.co/v7ebmUIIaC #amazon #bluetooth #headphones'",b'ilovesavingsca',"['amazon', 'bluetooth', 'headphones']",208
,,,,
15-04-2020 20:18,b'$AMZN closes higher for the 3rd day in a row: https://t.co/zXwc2JBENu Sentiment: Bullish #AMZN #Amazon',b'tq_equities',"['AMZN', 'Amazon']",506
,,,,
15-04-2020 20:18,b'$35 #Amazon or #Paypal #GIVEAWAY!  To Enter you must :  1) Be following myself and @ZIONI  2) Retweet This Tweet 3) Tag someone who could use this!  Ends 4/21',b'NJonkratz',"['Amazon', 'Paypal', 'GIVEAWAY']",2881
,,,,
15-04-2020 20:18,"b'Reusable Drinking Straws,Neworld Senior Stainless Steel Drinking Food Grade Straws(4 https://t.co/mMdKdEpb6g #amazon #neworld #straws'",b'ilovesavingsca',"['amazon', 'neworld', 'straws']",208
,,,,
15-04-2020 20:16,b'Ensure \xe2\x80\x93 6 packs https://t.co/EyJQCPBMa9 #amazon #ensure',b'ilovesavingsca',"['amazon', 'ensure']",208
,,,,
15-04-2020 20:16,b'I think it was Jin who recommended this book? Anyway I just finished ch3 and my eyes are sore from crying. In a good way \xf0\x9f\x98\x9d \xe2\x81\xa6@BTS_twt\xe2\x81\xa9  The Miracles of the Namiya General Store https://t.co/qS3aEjDX4A #Amazon',b'bts_army_momma',['Amazon'],255
,,,,
15-04-2020 20:16,b'Having trouble deciding which flavor to get? Try our variety box so you can taste all the flavors and figure out which one is your favorite! . . Photo courtesy of @cupajocafe  . #varietypack #stayfocused #energyboost #get____done #boostenergy  #foundonamazon #amazon https://t.co/bhXH7IzHHR',b'SeattleGummy',"['varietypack', 'stayfocused', 'energyboost', 'get____done', 'boostenergy', 'foundonamazon', 'amazon']",1307
,,,,
15-04-2020 20:15,b'#AmazonPrimeVideo executives must be fans of the movie Inception. I pay for Prime Video but in the app are #video I can watch but I need to pay another fee. Imagine if #Netflix did that. I probably need to pay to watch Inception on Prime Video. #streamingvideo #Amazon',b'dhughes',"['AmazonPrimeVideo', 'video', 'Netflix', 'streamingvideo', 'Amazon']",221
,,,,
15-04-2020 20:15,b'Philips Norelco Multigroom All-In-One Series only $19.95!!  #freebies #deals #deal #moneysaver #greatdeal #steals #discount #sale #bargain #bargainhunter #bargainshopper #cheap #bestprice #Amazon  #Deals #giveaway #Deal #ganga   https://t.co/4W1T5peizm https://t.co/FQznWb4n0U',b'CoolDealCA',"['freebies', 'deals', 'deal', 'moneysaver', 'greatdeal', 'steals', 'discount', 'sale', 'bargain', 'bargainhunter', 'bargainshopper', 'cheap', 'bestprice', 'Amazon', 'Deals', 'giveaway', 'Deal', 'ganga']",1073
,,,,
15-04-2020 20:15,"b'Sunchips Multigrain Chips Variety Pack, 40 Count only $15.19!!  #freebies #deals #deal #moneysaver #greatdeal #steals #discount #sale #bargain #bargainhunter #bargainshopper #cheap #bestprice #Amazon  #Deals #giveaway #Deal #ganga   https://t.co/HJFnQf3XNv https://t.co/HntfwgsJI8'",b'CoolDealCA',"['freebies', 'deals', 'deal', 'moneysaver', 'greatdeal', 'steals', 'discount', 'sale', 'bargain', 'bargainhunter', 'bargainshopper', 'cheap', 'bestprice', 'Amazon', 'Deals', 'giveaway', 'Deal', 'ganga']",1073
,,,,
15-04-2020 20:15,b'High Speed Thermal Label Printer for $169.99!! (Retail: $299.99)  #freebies #deals #deal #moneysaver #greatdeal #steals #discount #sale #bargain #bargainhunter #bargainshopper #cheap #bestprice #Amazon  #Deals #giveaway #Deal #ganga   https://t.co/L6r9Nyorcn https://t.co/hIbkGRGPRF',b'CoolDealCA',"['freebies', 'deals', 'deal', 'moneysaver', 'greatdeal', 'steals', 'discount', 'sale', 'bargain', 'bargainhunter', 'bargainshopper', 'cheap', 'bestprice', 'Amazon', 'Deals', 'giveaway', 'Deal', 'ganga']",1073
,,,,
15-04-2020 20:15,b'Hey Folks:) Looking for your next show to binge watch this Quarantine...look no further:) This was a blast to work on with some really great people that I love!  https://t.co/qwRF1diAHC   #bingewatching #coronapocalypse #COVID19 #Hollywood #acting #Amazon https://t.co/6vvfIT2bTA',b'Billyfro',"['bingewatching', 'coronapocalypse', 'COVID19', 'Hollywood', 'acting', 'Amazon']",202
,,,,
15-04-2020 20:15,"b'Most versatile word in the English language The F Word and Verb Definition Coffee Mug, ... by Willcallyou for $10.99 https://t.co/mZWC9hsozF via #amazon'",b'shadowconn',['amazon'],21086
,,,,
15-04-2020 20:14,b'New gift idea (The Rag Company CASE 16 x 16 Blue Eagle Edgeless 500 Microfiber Towel (100 Count)) has been published on Gift Advisor - https://t.co/FYgeh1PF6x #Monday #Tuesday #Wednesday #Thursday #Firday #Saturday #Sunday #amazon #gift #shopping #discount #follow #UnitedStates https://t.co/Fp5moefHw1',b'websmenu',"['Monday', 'Tuesday', 'Wednesday', 'Thursday', 'Firday', 'Saturday', 'Sunday', 'amazon', 'gift', 'shopping', 'discount', 'follow', 'UnitedStates']",1327
,,,,
15-04-2020 20:13,b'Smuckers 1L https://t.co/Z9p03sfVcr #amazon #jam #smuckers',b'ilovesavingsca',"['amazon', 'jam', 'smuckers']",208
,,,,
15-04-2020 20:12,b'I HAVE SOME FREE PRODUCTS INSTEAD OF REVIEW FOR USA &amp; UK..PLEASE DM ME HERE OR USE THAT QR.. THANK YOU #free #test #Teste #produkt #produkttest #produkttester  #produkttests #bloger #amazonreviewer  #amazonfreebies #amazon #amazonreviews #freetestingproduct #amazonproductreviews https://t.co/iS6z18llB9',b'me03885',"['free', 'test', 'Teste', 'produkt', 'produkttest', 'produkttester', 'produkttests', 'bloger', 'amazonreviewer', 'amazonfreebies', 'amazon', 'amazonreviews', 'freetestingproduct', 'amazonproductreviews']",4
,,,,
15-04-2020 20:12,b'De \xf0\x9f\x87\xa9\xf0\x9f\x87\xaa product refund after review with cover PayPal fee #amazon #amazonfreebie #amazonfreedomsale #freestyle #amazonfreetester #amazonfreeproduct #amazonfreegiftcards #amazonfreebies_need_reviewer #amazongermany #amazonreviewgermany #germanyamazon #german #amazongermany\xe2\x9d\x97 https://t.co/Ofke2aPjoN',b'AgentSeller',"['amazon', 'amazonfreebie', 'amazonfreedomsale', 'freestyle', 'amazonfreetester', 'amazonfreeproduct', 'amazonfreegiftcards', 'amazonfreebies_need_reviewer', 'amazongermany', 'amazonreviewgermany', 'germanyamazon', 'german', 'amazongermany']",22
,,,,
15-04-2020 20:12,"b""We must transcend the tides. Differences aside, we're all humans trying to survive the times. It's not too late to purchase your copy of FBTAR and save lives!  #peace #triumph #COVID19 #video #live #book #deals #amazon #TheGreatAwakening #UnitedNotDivided  https://t.co/ucqrGUvqRI""",b'ElijahO14394685',"['peace', 'triumph', 'COVID19', 'video', 'live', 'book', 'deals', 'amazon', 'TheGreatAwakening', 'UnitedNotDivided']",36
,,,,
15-04-2020 20:12,b'De \xf0\x9f\x87\xa9\xf0\x9f\x87\xaa product refund after review with cover PayPal fee #amazon #amazonfreebie #amazonfreedomsale #freestyle #amazonfreetester #amazonfreeproduct #amazonfreegiftcards #amazonfreebies_need_reviewer #amazongermany #amazonreviewgermany #germanyamazon #german #amazongermany\xe2\x9d\x97 https://t.co/k9xxGFdRh8',b'AgentSeller',"['amazon', 'amazonfreebie', 'amazonfreedomsale', 'freestyle', 'amazonfreetester', 'amazonfreeproduct', 'amazonfreegiftcards', 'amazonfreebies_need_reviewer', 'amazongermany', 'amazonreviewgermany', 'germanyamazon', 'german', 'amazongermany']",22
,,,,
15-04-2020 20:11,"b'In stock...DUDE Wipes, Mint Chill, 48 Count (Pack... https://t.co/HKzAzEcq3M #Amazon'",b'DUDEwipes',['Amazon'],13050
,,,,
15-04-2020 20:11,b'Since Covid-19 WE realized WE need a more connects with You all Our #51Dynasties....So WE have started a @discord Brand Channel contact US for entry always check https://t.co/xP0S3fIEOb for updates #goodvibes #GamerCouple #Microsoft #Apple #Amazon #Google #ContentCreatorCouple',b'SR51Media',"['51Dynasties', 'goodvibes', 'GamerCouple', 'Microsoft', 'Apple', 'Amazon', 'Google', 'ContentCreatorCouple']",3147
,,,,
15-04-2020 20:10,b'Pass the time \xf0\x9f\x8d\xa6  Hamilton Beach Automatic Ice Cream Maker for $30.06!!  #freebies #deals #deal #moneysaver #greatdeal #steals #discount #sale #bargain #bargainhunter #bargainshopper #cheap #bestprice #Amazon  #Deals #giveaway #Deal #ganga   https://t.co/dtnAwAhyra https://t.co/b82qnEc8Vr',b'CoolDealCA',"['freebies', 'deals', 'deal', 'moneysaver', 'greatdeal', 'steals', 'discount', 'sale', 'bargain', 'bargainhunter', 'bargainshopper', 'cheap', 'bestprice', 'Amazon', 'Deals', 'giveaway', 'Deal', 'ganga']",1073
,,,,
15-04-2020 20:10,"b""Umm, 104-Pack of Lay's Classic Potato Chips for $29!!!  #freebies #deals #deal #moneysaver #greatdeal #steals #discount #sale #bargain #bargainhunter #bargainshopper #cheap #bestprice #Amazon  #Deals #giveaway #Deal #ganga   https://t.co/iI55or2e3v https://t.co/BOAZczLiwQ""",b'CoolDealCA',"['freebies', 'deals', 'deal', 'moneysaver', 'greatdeal', 'steals', 'discount', 'sale', 'bargain', 'bargainhunter', 'bargainshopper', 'cheap', 'bestprice', 'Amazon', 'Deals', 'giveaway', 'Deal', 'ganga']",1073
,,,,
15-04-2020 20:10,b'Cordless Rechargeable Muscle Massage Gun only $33.98 \xf0\x9f\x94\xa5  #freebies #deals #deal #moneysaver #greatdeal #steals #discount #sale #bargain #bargainhunter #bargainshopper #cheap #bestprice #Amazon  #Deals #Deal #ganga   https://t.co/RIZQzitXuc https://t.co/MGDAVyacff',b'CoolDealCA',"['freebies', 'deals', 'deal', 'moneysaver', 'greatdeal', 'steals', 'discount', 'sale', 'bargain', 'bargainhunter', 'bargainshopper', 'cheap', 'bestprice', 'Amazon', 'Deals', 'Deal', 'ganga']",1073
,,,,
15-04-2020 20:10,b'France to Amazon: Ship only essentials in 24 hours or pay 1 million euros per day https://t.co/Z363SGaO3a #Companies https://t.co/eQQT8822Zi #France #to #Amazon #zamjenska #Ship #only #essentials #in #24 #hours #or #pay #1 #million #euros #per #day #  754',b'poandpo',"['Companies', 'France', 'to', 'Amazon', 'zamjenska', 'Ship', 'only', 'essentials', 'in', 'hours', 'or', 'pay', 'million', 'euros', 'per', 'day']",3482
,,,,
15-04-2020 20:09,b'Earn more with ADSREPAY STREAKS - https://t.co/K3w2DWuxWt https://t.co/yPDc6WFt78 via @YouTube  #earn #save #money #workfromhome #steeak #bonus #paypal #gpt #success #amazon #freelancers #youtubers #users',b'AdsRepay',"['earn', 'save', 'money', 'workfromhome', 'steeak', 'bonus', 'paypal', 'gpt', 'success', 'amazon', 'freelancers', 'youtubers', 'users']",372
,,,,
15-04-2020 20:09,"b'When your #amazon subscription order has t shown up yet and these are the only things close to paper towels  left in the house. Thanks @amandatsong #quarantinelife @ Waltham, Massachusetts https://t.co/ZRZU2amsSx'",b'lizhmccarthy',"['amazon', 'quarantinelife']",565
,,,,
15-04-2020 20:09,b'Available from Amazon Prime today #Middlesbrough #LeeDuffy #Boro #SouthBank #JamieBoyle #Amazon #Teesside #Parmo @leetheduffer \xf0\x9f\x8c\x95 https://t.co/2YvLqSBzqQ',b'jamieboyle10',"['Middlesbrough', 'LeeDuffy', 'Boro', 'SouthBank', 'JamieBoyle', 'Amazon', 'Teesside', 'Parmo']",1637
,,,,
15-04-2020 20:09,b'Little Tikes 2-in-1 Pirate Ship https://t.co/5e7flS1e75 #amazon #little-tikes',b'ilovesavingsca',"['amazon', 'little']",208
,,,,
15-04-2020 20:08,"b'As a customized machine, QUIN asks more direct questions than you average humans #nowstreaming #2050movie #amazon #itunes #artificialintelligence #stormimaya #deancain #superman #sexrobots #robots #scifi #fantasy #nowplaying #trending #twitter https://t.co/Io28gXDa7k'",b'2050Movie',"['nowstreaming', '2050movie', 'amazon', 'itunes', 'artificialintelligence', 'stormimaya', 'deancain', 'superman', 'sexrobots', 'robots', 'scifi', 'fantasy', 'nowplaying', 'trending', 'twitter']",460
,,,,
15-04-2020 20:08,"b""Enter the #giveaway to #win $15 worth of books from #Amazon or Book Depository at All the Ups and Downs' blog. https://t.co/2UPPgips34""",b'xMikkyMouse',"['giveaway', 'win', 'Amazon']",907
,,,,
15-04-2020 20:08,b'COMING SOON #NEWCASTLE #TYNESIDE #JAMIEBOYLEBOOKS #STEVEWRAITH #AMAZON #EVERYBOYSDREAM #GEORDIE #TYNE @andybee80 @stevewraith @TyneBooks @WaterstonesNewc @davecourtney666 @davey_huntley  @NewcastleCC @ChronicleNUFC https://t.co/ZsgmPDsKAF',b'jamieboyle10',"['NEWCASTLE', 'TYNESIDE', 'JAMIEBOYLEBOOKS', 'STEVEWRAITH', 'AMAZON', 'EVERYBOYSDREAM', 'GEORDIE', 'TYNE']",1637
,,,,
15-04-2020 20:06,"b'@Himayatullah64 I just made the #BESTSELLER list with the new book, on #AMAZON, you can get a free dowload of it today!!!  My gift to you!'",b'PeggyMercer',"['BESTSELLER', 'AMAZON']",11523
,,,,
15-04-2020 20:06,b'Win a $100 @amazon GC with us!  #superawesome #win #Amazon #challenge #fun #WednesdayWisdom https://t.co/rV7oq6mSAH',b'mysuperawesome2',"['superawesome', 'win', 'Amazon', 'challenge', 'fun', 'WednesdayWisdom']",3
,,,,
15-04-2020 20:06,b'Phishing kit prices skyrocketed in 2019 by 149% https://t.co/hyNJm2A6CN #Phishing #cybercrime #darkweb #cybercriminals #Amazon #Google #Instagram #Office365 #PayPal',b'shieldly',"['Phishing', 'cybercrime', 'darkweb', 'cybercriminals', 'Amazon', 'Google', 'Instagram', 'Office365', 'PayPal']",98
,,,,
15-04-2020 20:06,"b""@neuroganinc Here's our article about all the snake oil #CBD for sale on #Amazon: https://t.co/u5gpiPGy4N  tl,dr: NEVER buy CBD off Amazon, buy from a trusted brand we recommend (including Neurogan... we love their pre-rolls!)""",b'MinistryofHemp',"['CBD', 'Amazon']",6121
,,,,
15-04-2020 20:06,b'4-15 **AVAILABLE NOW** at #Amazon paper #book &amp; #ebook #kindle #film #camera available at https://t.co/EXQdDWPYVs #photography #art #photo #Arizona https://t.co/4uUv0wAWJZ',b'diomedes66',"['Amazon', 'book', 'ebook', 'kindle', 'film', 'camera', 'photography', 'art', 'photo', 'Arizona']",82440
,,,,
15-04-2020 20:05,b'Get them #KINDLES cranked up and get your #FREE copy now off #AMAZON...title is #BIGDADDYISLANDKUMBAYACOMEBYHERE...I am so excited to have a #BESTSELLER...yee haw. https://t.co/AYR2LGJO2C',b'PeggyMercer',"['KINDLES', 'FREE', 'AMAZON', 'BIGDADDYISLANDKUMBAYACOMEBYHERE', 'BESTSELLER']",11523
,,,,
15-04-2020 20:05,b'Natural Premium Organic Hemp Oil 2-PACK only $13.99!!  #freebies #deals #deal #moneysaver #greatdeal #steals #discount #sale #bargain #bargainhunter #bargainshopper #cheap #bestprice #Amazon  #Deals #giveaway #Deal #ganga   https://t.co/c6fPxb3MY9 https://t.co/5MiX8LoM7H',b'CoolDealCA',"['freebies', 'deals', 'deal', 'moneysaver', 'greatdeal', 'steals', 'discount', 'sale', 'bargain', 'bargainhunter', 'bargainshopper', 'cheap', 'bestprice', 'Amazon', 'Deals', 'giveaway', 'Deal', 'ganga']",1073
,,,,
15-04-2020 20:05,b'WD 2TB Elements Portable External Hard Drive for $64.99!! (Retail: $129.99)  #freebies #deals #deal #moneysaver #greatdeal #steals #discount #sale #bargain #bargainshopper #cheap #bestprice #Amazon  #Deals #giveaway #Deal #ganga   https://t.co/s6mX9qKQaE https://t.co/zHeO9NWWgc',b'CoolDealCA',"['freebies', 'deals', 'deal', 'moneysaver', 'greatdeal', 'steals', 'discount', 'sale', 'bargain', 'bargainshopper', 'cheap', 'bestprice', 'Amazon', 'Deals', 'giveaway', 'Deal', 'ganga']",1073
,,,,
15-04-2020 20:05,b'SNACK ALERT \xf0\x9f\x9a\xa8   40 Bags of 1oz Doritos Nacho Cheese Flavored Tortilla Chips only $10.62!!  #freebies #deals #deal #moneysaver #greatdeal #steals #discount #sale #bargain #bargainshopper #cheap #bestprice #Amazon  #Deals #giveaway #Deal #ganga   https://t.co/tyhoeeQXy5 https://t.co/iRk8b6rn4u',b'CoolDealCA',"['freebies', 'deals', 'deal', 'moneysaver', 'greatdeal', 'steals', 'discount', 'sale', 'bargain', 'bargainshopper', 'cheap', 'bestprice', 'Amazon', 'Deals', 'giveaway', 'Deal', 'ganga']",1073
,,,,
15-04-2020 20:05,"b""Neurogan tested the top 12 #CBD brands on #Amazon &amp; found they were ALL fake https://t.co/0H3Xl2zXxW   We've written about this before, but it's cool to see the proof. Also, look for us to review some great @neuroganinc products in the near future on our site.""",b'MinistryofHemp',"['CBD', 'Amazon']",6121
,,,,
15-04-2020 20:05,"b'Amazon Slaps Affiliates: ""You\'ve Prepared for This...RIGHT?"" https://t.co/JKR6HeY28r #amazon #amazonaffiliates #thebizcrush #KennethHolland https://t.co/yiTolq5UGQ'",b'KennethHolland',"['amazon', 'amazonaffiliates', 'thebizcrush', 'KennethHolland']",20107
,,,,
15-04-2020 20:03,b'How Amazon Search Engine Optimization Works? @BuyBoxExperts  https://t.co/XD6pZBn6h4  #amazon #amazonseo #branding #customerservice #onlinereputationmangement #ORM #SEOtips https://t.co/YYuEpBBz9y',b'BlueOceanGT',"['amazon', 'amazonseo', 'branding', 'customerservice', 'onlinereputationmangement', 'ORM', 'SEOtips']",39347
,,,,
15-04-2020 20:03,b'#Amazon suspends all activity in #France amid virus crisis https://t.co/coxXihZhVE',b'TechXplore_com',"['Amazon', 'France']",11123
,,,,
15-04-2020 20:03,"b'@neilwalkerwrote Thank you, Neil. Have a great day and stay safe.  Suicide bombers have become a renewable resource, but who is buying their souls, and why?  A roller coaster ride of a book. Well-written and full of twists. #Amazon review  UK https://t.co/ejuuEmLbC3  USA https://t.co/r1xs4c5nMh'",b'dmtoft',['Amazon'],23580
,,,,
15-04-2020 20:03,"b""My American friends   We've found a way to rid ourselves of #amazon   NOW IT'S YOUR TURN   https://t.co/PPD2lRE3Fa""",b'DontDenyThe',['amazon'],586
,,,,
15-04-2020 20:00,b'NuWave 3-Qt. Air Fryer for $59.99!! (Retail: $99.99)  #freebies #deals #deal #moneysaver #greatdeal #steals #discount #sale #bargain #bargainhunter #bargainshopper #cheap #bestprice #Amazon  #Deals #giveaway #Deal #ganga   https://t.co/sVyKA5MshH https://t.co/YeTvWZyIfN',b'CoolDealCA',"['freebies', 'deals', 'deal', 'moneysaver', 'greatdeal', 'steals', 'discount', 'sale', 'bargain', 'bargainhunter', 'bargainshopper', 'cheap', 'bestprice', 'Amazon', 'Deals', 'giveaway', 'Deal', 'ganga']",1073
,,,,
15-04-2020 20:00,b'Winix Air Purifier with True HEPA for $152.99!! (Retail: $249.99)  #freebies #deals #deal #moneysaver #greatdeal #steals #discount #sale #bargain #bargainhunter #bargainshopper #cheap #bestprice #Amazon  #Deals #giveaway #Deal #ganga   https://t.co/izeHmhL5XK https://t.co/2b818JP7xC',b'CoolDealCA',"['freebies', 'deals', 'deal', 'moneysaver', 'greatdeal', 'steals', 'discount', 'sale', 'bargain', 'bargainhunter', 'bargainshopper', 'cheap', 'bestprice', 'Amazon', 'Deals', 'giveaway', 'Deal', 'ganga']",1073
,,,,
15-04-2020 20:00,b'FANTASTIC WRITERS -  AMAZING BOOKS - INDIE BOOK SOURCE. https://t.co/USjAKAxPV6   #Books #Authors #IARTG #Reading #Kindle #Amazon #ReadIndie #indieauthors #ian1 #LinkedIn #bookboost @JPCarter47 @jim_yackel  @jonathanmeyer_ @HollowManSeries @TheresaSnyder19 @Tammysdragonfly https://t.co/4ur4YHfDQx',b'rcarter67606',"['Books', 'Authors', 'IARTG', 'Reading', 'Kindle', 'Amazon', 'ReadIndie', 'indieauthors', 'ian1', 'LinkedIn', 'bookboost']",19395
,,,,
15-04-2020 20:00,b'Nature Valley Soft Baked Oatmeal Squares $15.04 https://t.co/bvunFLGdNi at #Amazon https://t.co/ihqEqv5opP',b'dealnarwhal',['Amazon'],11145
,,,,
15-04-2020 20:00,"b'Twist, Turns, Secrets, Lies #booklovers #books #romance #Romance #coffeetime #fantasy #weekendread #bookbloggers #bookstoread #coffee #weekendread #bookbloggers #book #gamedev #Read #greatreads #RomanceBooks #storyteller #fiction #Amazon #writinglife #novels #HistFic #bookboost https://t.co/pJvoAtQVWI'",b'RaelleLogan1',"['booklovers', 'books', 'romance', 'Romance', 'coffeetime', 'fantasy', 'weekendread', 'bookbloggers', 'bookstoread', 'coffee', 'weekendread', 'bookbloggers', 'book', 'gamedev', 'Read', 'greatreads', 'RomanceBooks', 'storyteller', 'fiction', 'Amazon', 'writinglife', 'novels', 'HistFic', 'bookboost']",13438
,,,,
15-04-2020 19:58,b'Check out my list on Amazon https://t.co/L2WQBpirSJ #Amazon',b'DaiDai_TheGoon',['Amazon'],5095
,,,,
15-04-2020 19:58,b'Enter for a chance to win a $100 #Amazon #GiftCard by @DebraKayn  #AllofHisSecrets #NewRelease #BikerRomance #AgeGap  https://t.co/0yffGkiVzY',b'angels_gp',"['Amazon', 'GiftCard', 'AllofHisSecrets', 'NewRelease', 'BikerRomance', 'AgeGap']",2396
,,,,
15-04-2020 19:57,b'Get those Amazon purchases \xf0\x9f\x8e\x81shipped faster for free  One month #free #Amazon Prime trial 6 month \xf0\x9f\x91\x80 free for students click for details https://t.co/vkCEWOmxOz https://t.co/ZZoBAvYUpI',b'CoolDealCA',"['free', 'Amazon']",1073
,,,,
15-04-2020 19:56,b'Ocean TV this week sold the very last Brand-new Humax HB1100S for the fair price of 149euros who says Amazon was the best place to source them #amazon #humax #freesat https://t.co/JckwR30pui',b'oceanpalma',"['amazon', 'humax', 'freesat']",202
,,,,
15-04-2020 19:55,b'And hazard pay?????  #Amazon  #CapitalismKills https://t.co/lUkAAFCrlu',b'Plutocracy1',"['Amazon', 'CapitalismKills']",81
,,,,
15-04-2020 19:54,"b""The #NewNormal tactic being used on workers FORCED out of steady jobs by #COVID19 is to SHAME them during imposed #HouseArrest to take horrible jobs as corporate slaves. As though we're happy to abandon a life's dream of small business to schlep boxes for #Amazon. #IDoNotConsent https://t.co/Oo8VcnzA7o""",b'rileysomething',"['NewNormal', 'COVID19', 'HouseArrest', 'Amazon', 'IDoNotConsent']",886
,,,,
15-04-2020 19:54,"b'99p until the end of the month.   When Ramsey and Bella meet at a masked ball, he\xe2\x80\x99s left holding her mask. But did she leave on her own accord because there\xe2\x80\x99s a wicked mother around. https://t.co/oR5YrnXXL2  #romance #fairytale #Cinderella #novel #amazon #Kindle #kimdleunlimited https://t.co/FnAu1DjpYn'",b'jmralleyauthor',"['romance', 'fairytale', 'Cinderella', 'novel', 'amazon', 'Kindle', 'kimdleunlimited']",2522
,,,,
15-04-2020 19:54,b'#Inventory Management Optimization Methods #TMSmart https://t.co/zRstET2tRe #amazon',b'thestartupmag',"['Inventory', 'TMSmart', 'amazon']",12998
,,,,
15-04-2020 19:53,b'Bengaluru-based digital lender Capital Float announced on Monday it has completed a USD 15 million (Rs 110 crore) equity fund-raise from its existing investors.  #amazon #Bengaluru #CapitalFloat #RibbitCapital #SAIFpartners #SequoiaCapital https://t.co/U5dYAex6DZ https://t.co/LLPWtV4JTJ',b'start_yp',"['amazon', 'Bengaluru', 'CapitalFloat', 'RibbitCapital', 'SAIFpartners', 'SequoiaCapital']",35
,,,,
15-04-2020 19:50,b'Coffee Filters https://t.co/Q9wqhMJTC9 #amazon #coffee-filters',b'ilovesavingsca',"['amazon', 'coffee']",208
,,,,
15-04-2020 19:50,b'Pentagon IG: We Can\xe2\x80\x99t Rule Out White House Influence on JEDI Award  Why can\xe2\x80\x99t they rule it out? Because several officials asserted a \xe2\x80\x9cpresidential communications privilege.\xe2\x80\x9d  Of course they did.  #RuleOfLaw #Ethics #Amazon #Trump  https://t.co/dstpGsBthN',b'rforkish',"['RuleOfLaw', 'Ethics', 'Amazon', 'Trump']",205
,,,,
15-04-2020 19:50,b'Searching for your next book? Check out this list from my Amazon Storefront: Books Ive Read. #AD #Amazon #reading  https://t.co/hEtplUKRy2 https://t.co/9YkdqJ1lkU',b'surlyhousewife',"['AD', 'Amazon', 'reading']",5456
,,,,
15-04-2020 19:50,"b'12in #Apple #Macbook Retina only $659!!! (Retail: $1,299.99)  #freebies #deals #deal #moneysaver #greatdeal #steals #discount #sale #bargain #bargainhunter #bargainshopper #cheap #bestprice #Amazon  #Deals #giveaway #Deal #ganga   https://t.co/Ahh3mtjTG2 https://t.co/T7hioq2b47'",b'CoolDealCA',"['Apple', 'Macbook', 'freebies', 'deals', 'deal', 'moneysaver', 'greatdeal', 'steals', 'discount', 'sale', 'bargain', 'bargainhunter', 'bargainshopper', 'cheap', 'bestprice', 'Amazon', 'Deals', 'giveaway', 'Deal', 'ganga']",1073
,,,,
15-04-2020 19:50,"b""Read @AmazonKindle books on your Windows PC? Turns out you can! Here's how to use your Web browser or find &amp; download the official Kindle Reader app for the PC: https://t.co/qDCbFPfoBC #amazon #kindle #ebooks #windows https://t.co/8AOpypNOIk""",b'DaveTaylor',"['amazon', 'kindle', 'ebooks', 'windows']",15299
,,,,
15-04-2020 19:49,"b'Amazing company inside and out.  Inspired Beauty Brands, Inc. provide quality products with quality people behind it. #targetpath  #onlinestrategy #salesgrowth #amazon https://t.co/HBcOOJbSnP'",b'deenaghazarian',"['targetpath', 'onlinestrategy', 'salesgrowth', 'amazon']",437
,,,,
15-04-2020 19:48,b'#Amazon founder #JeffBezos\xe2\x80\x94the world\xe2\x80\x99s richest man\xe2\x80\x94has added nearly $24 billion to his already massive fortune in 2020 as virus-related lockdowns across the globe have forced people to stay inside and fueled increased e-commerce demand. https://t.co/TtmFiw49ro #COVID19 #USA',b'jftaveira1993',"['Amazon', 'JeffBezos', 'COVID19', 'USA']",1723
,,,,
15-04-2020 19:48,"b""@MsEveWill That's true !! Stick with your bloody #Netflix and #Amazon, let's see if any movie or series left to watch. Latest jokes you can get around 2:30 at Trump daily meeting.""",b'SteveSekhon',"['Netflix', 'Amazon']",148
,,,,
15-04-2020 19:48,b'You boys spoil me if you think I should add something tell me  as I usually Only put stuff on I want lol not what you want to see Check out my list on Amazon https://t.co/kQeknUvXTx #Amazon',b'Mrskamofficial',['Amazon'],695
,,,,
15-04-2020 19:48,"b'#Chollo #Amazon Under Armour Playoff 2.0 Polo, Hombre, Azul (Coded Blue/Boho Blue/Pitch Gray 451), XXL  Precio oferta: 30,51      \xf0\x9f\x91\x87\xf0\x9f\x91\x87\xf0\x9f\x91\x87\xf0\x9f\x91\x87\xf0\x9f\x91\x87\xf0\x9f\x91\x87\xf0\x9f\x91\x87 \xf0\x9f\x91\x89 https://t.co/LNNNrjuCdx https://t.co/rNHmBSR2kc'",b'chollosyoferta',"['Chollo', 'Amazon']",1264
,,,,
15-04-2020 19:46,b'Please be careful when ordering off of #Amazon right now. The driver just took a picture of the package on my doorstep and then walked off with the package. They have discontinued costumer service by phone due to #COVID19 and their chat service reps keep disconnecting.',b'JoshNiehaus',"['Amazon', 'COVID19']",163
,,,,
15-04-2020 19:46,b'Paperback now available! Rhode Island Rendezvous Rita Delude  https://t.co/4LPjLKSZmX #CrazyInk #SweetRomance #Amazon  #bookworm #bookaholic #booknerd #bookobsessed #bookish #bookaddict  #read #GreatRead #paperback #book #bestseller #mustread #WhatToRead #Romance  #eBooks #ebook https://t.co/5292xqz6u2',b'author_rita',"['CrazyInk', 'SweetRomance', 'Amazon', 'bookworm', 'bookaholic', 'booknerd', 'bookobsessed', 'bookish', 'bookaddict', 'read', 'GreatRead', 'paperback', 'book', 'bestseller', 'mustread', 'WhatToRead', 'Romance', 'eBooks', 'ebook']",164
,,,,
15-04-2020 19:45,"b""I lived in the Peruvian #Amazon (i.e. the jungle, not evil corporation) without any shots or #vaccines got bit by every insect imaginable a billion times in all orifices of my body: guess which Queen is still alive (despite the patriarchy's best efforts)? THIS 1 #NoVaccineForMe https://t.co/hUyGLN6NIS""",b'ALIENDANCEMUSIC',"['Amazon', 'vaccines', 'NoVaccineForMe']",1376
,,,,
15-04-2020 19:45,b'#Amazon Halts Activity at French Warehouses After #Court Order  https://t.co/TsapizSTe3',b'hwingo',"['Amazon', 'Court']",11740
,,,,
15-04-2020 19:44,"b'New gift idea (Zwipes Auto 883-3 Professional Microfiber Dust Cloth and Polishing Cloth Towel, 6-Pack) has been published on Gift ... - https://t.co/SvrMU608Aq #Monday #Tuesday #Wednesday #Thursday #Firday #Saturday #Sunday #amazon #gift #shopping #discount #follow #UnitedStates https://t.co/8jMCvcrBAV'",b'websmenu',"['Monday', 'Tuesday', 'Wednesday', 'Thursday', 'Firday', 'Saturday', 'Sunday', 'amazon', 'gift', 'shopping', 'discount', 'follow', 'UnitedStates']",1327
,,,,
15-04-2020 19:42,b'Preparing the new Aloades series for Amazon UK!!! #oliveoil #aloades #greece #uk #logo  #food #gourmet #bottle #amazon https://t.co/1oRMWLwAqO',b'aloadesoliveoil',"['oliveoil', 'aloades', 'greece', 'uk', 'logo', 'food', 'gourmet', 'bottle', 'amazon']",83
,,,,
15-04-2020 19:42,"b'""Dell OptiPlex 3070 i5 Micro Desktop PC for $659 + free shipping: Deal News"" #Amazon #Ebay #Walmart #Discounts #Coupons #Deals: https://t.co/RNTfiaSXxr'",b'robinsnewswire',"['Amazon', 'Ebay', 'Walmart', 'Discounts', 'Coupons', 'Deals']",25036
,,,,
15-04-2020 19:42,"b'""Ninja AF101 4-Quart 1550-Watt Programmable Base Air Fryer only $50.00: eDeal Info"" #Amazon #Ebay #Walmart #Discounts #Coupons #Deals: https://t.co/ohQE9Hk6rt'",b'robinsnewswire',"['Amazon', 'Ebay', 'Walmart', 'Discounts', 'Coupons', 'Deals']",25036
,,,,
15-04-2020 19:42,"b'""Ashley Furniture Signature Design 8 Inch Innerspring Queen Mattress only $132.39: eDeal Info"" #Amazon #Ebay #Walmart #Discounts #Coupons #Deals: https://t.co/q97IkhuR7a'",b'robinsnewswire',"['Amazon', 'Ebay', 'Walmart', 'Discounts', 'Coupons', 'Deals']",25036
,,,,
15-04-2020 19:42,"b'""Anran 4 Channel 1080N Home Security Camera with 1TB Hard Drive only $111.99: eDeal Info"" #Amazon #Ebay #Walmart #Discounts #Coupons #Deals: https://t.co/nY3iMeEgB7'",b'robinsnewswire',"['Amazon', 'Ebay', 'Walmart', 'Discounts', 'Coupons', 'Deals']",25036
,,,,
15-04-2020 19:42,"b'""Shark Steam Pocket Mop Hard Floor Cleaner only $59.99: eDeal Info"" #Amazon #Ebay #Walmart #Discounts #Coupons #Deals: https://t.co/Rgw9s1UO6C'",b'robinsnewswire',"['Amazon', 'Ebay', 'Walmart', 'Discounts', 'Coupons', 'Deals']",25036
,,,,
15-04-2020 19:41,"b""A Killing in Capone's Playground: The True Story of the Hunt for the... https://t.co/Vtx0Cez7UY #Amazon \xe2\x81\xa6@amazon\xe2\x81\xa9 \xe2\x81\xa6@chrisslyon\xe2\x81\xa9 \xe2\x81\xa6@writersofwrongs\xe2\x81\xa9 #SocialDistancing #selfquarantine""",b'CaponePlaygroun',"['Amazon', 'SocialDistancing', 'selfquarantine']",845
,,,,
15-04-2020 19:40,b'Little glimpse of an #audition written by yours truly. \xf0\x9f\x8e\xad \xe2\x9e\x96\xe2\x9e\x96\xe2\x9e\x96\xe2\x9e\x96\xe2\x9e\x96\xe2\x9e\x96\xe2\x9e\x96\xe2\x9e\x96\xe2\x9e\x96\xe2\x9e\x96\xe2\x9e\x96\xe2\x9e\x96 @MonroeTalent  \xe2\x9e\x96\xe2\x9e\x96 #BosleyForReacher #JackReacher #Reacher #LeeChild #Amazon #TheLandOfBoz  #JeffBosley #WorkHarderThanTheOtherGuy #GreenBeret #Filmmaker #Producer #Actor  #MethodActor https://t.co/0ao7JR3gAn',b'thejeffbosley',"['audition', 'BosleyForReacher', 'JackReacher', 'Reacher', 'LeeChild', 'Amazon', 'TheLandOfBoz', 'JeffBosley', 'WorkHarderThanTheOtherGuy', 'GreenBeret', 'Filmmaker', 'Producer', 'Actor', 'MethodActor']",20628
,,,,
15-04-2020 19:40,b'4K Action #Camera for $35.99 \xf0\x9f\x93\xb8 (Retail: $55.99)  #freebies #deals #deal #moneysaver #greatdeal #steals #discount #sale #bargain #bargainhunter #bargainshopper #cheap #bestprice #Amazon  #Deals #giveaway #Deal #ganga   https://t.co/9q3mIFozCW https://t.co/3OAJIyiBNt',b'CoolDealCA',"['Camera', 'freebies', 'deals', 'deal', 'moneysaver', 'greatdeal', 'steals', 'discount', 'sale', 'bargain', 'bargainhunter', 'bargainshopper', 'cheap', 'bestprice', 'Amazon', 'Deals', 'giveaway', 'Deal', 'ganga']",1073
,,,,
15-04-2020 19:40,"b'LifeStyles SKYN Original Condoms, 24 Count only $11.17!!!  #freebies #deals #deal #moneysaver #greatdeal #steals #discount #sale #bargain #bargainhunter #bargainshopper #cheap #bestprice #Amazon  #Deals #giveaway #Deal #ganga   https://t.co/Ewk6Fw6HWP https://t.co/yq6HkPr1tq'",b'CoolDealCA',"['freebies', 'deals', 'deal', 'moneysaver', 'greatdeal', 'steals', 'discount', 'sale', 'bargain', 'bargainhunter', 'bargainshopper', 'cheap', 'bestprice', 'Amazon', 'Deals', 'giveaway', 'Deal', 'ganga']",1073
,,,,
15-04-2020 19:40,"b'Sony 75-Inch 4K Ultra HD Smart LED #TV for $1,798!! (Retail: $2,799)  #freebies #deals #deal #moneysaver #greatdeal #steals #discount #sale #bargain #bargainhunter #bargainshopper #cheap #bestprice #Amazon  #Deals #Deal #ganga   https://t.co/zJR6GTraSW https://t.co/wSvYfMmpEn'",b'CoolDealCA',"['TV', 'freebies', 'deals', 'deal', 'moneysaver', 'greatdeal', 'steals', 'discount', 'sale', 'bargain', 'bargainhunter', 'bargainshopper', 'cheap', 'bestprice', 'Amazon', 'Deals', 'Deal', 'ganga']",1073
,,,,
15-04-2020 19:40,b'Getting away from it all can be murder.  The Volcano Shake  by Tom Bradley Jr.  https://t.co/UhRCEpPG0f  #SNRTG #IARTG #99cents on #Amazon',b'TBradleywrites',"['SNRTG', 'IARTG', '99cents', 'Amazon']",10286
,,,,
15-04-2020 19:39,"b'#WednesdayMotivation Almost done, #amediting #ZombieApocalypse #zombies #KDP #Amazon #Zombie #Apocalyptic #Apocalypse'",b'ZombiegirlChris',"['WednesdayMotivation', 'amediting', 'ZombieApocalypse', 'zombies', 'KDP', 'Amazon', 'Zombie', 'Apocalyptic', 'Apocalypse']",231
,,,,
15-04-2020 19:39,b'Sandy Star Take My Breath Away Commercial https://t.co/9l524AdGTn via @YouTube #Youtube #Soundcloud #AppleMusic #Itunes #Amazon #GooglePlay #Deezer #PandoraNow #Tidal #Distrokid #CDBaby #Spotify #ArianaGrande #EllaMai',b'Ghostblack305',"['Youtube', 'Soundcloud', 'AppleMusic', 'Itunes', 'Amazon', 'GooglePlay', 'Deezer', 'PandoraNow', 'Tidal', 'Distrokid', 'CDBaby', 'Spotify', 'ArianaGrande', 'EllaMai']",30232
,,,,
15-04-2020 19:38,b'@MakeItWithMissy #truecrime All the time #Writer #write #WritingCommunity #amazon https://t.co/uBCyxEi8Ai',b'RMSauthor',"['truecrime', 'Writer', 'write', 'WritingCommunity', 'amazon']",1396
,,,,
15-04-2020 19:37,"b'@JeffBezos increased his fortune by 24 billion dollars. If he shared his wealth with his 750,000 Amazon employees they would get $32,000 each. #AmazonStrike #Amazon #Bezos'",b'Davidinbacliff',"['AmazonStrike', 'Amazon', 'Bezos']",58
,,,,
15-04-2020 19:37,b'https://t.co/wwKcwg5QFK Saving the planet the #amazon way!',b'NickSwatman',['amazon'],11
,,,,
15-04-2020 19:37,b'The stimulus package going straight to Jeff  #stimuluspayment #lockdown #amazon https://t.co/2f8bYJkfLa',b'HamdiDaro',"['stimuluspayment', 'lockdown', 'amazon']",65
,,,,
15-04-2020 19:36,b'Going to shop on Amazon France.  Planning to order PlayStation 7.  Video of un-boxing an Specs dropping later.  #amazon #PlayStation',b'tash__i',"['amazon', 'PlayStation']",349
,,,,
15-04-2020 19:35,b'@watch_union \xf0\x9f\x9b\x91 STOP  #Amazon',b'HansLak',['Amazon'],26787
,,,,
15-04-2020 19:35,b'Enter for a chance to win a $100 #Amazon #GiftCard by @DebraKayn  #AllofHisSecrets #NewRelease #BikerRomance #AgeGap  https://t.co/9dztbne4fo',b'mshogrider67',"['Amazon', 'GiftCard', 'AllofHisSecrets', 'NewRelease', 'BikerRomance', 'AgeGap']",4413
,,,,
15-04-2020 19:35,b'Highly Rated FPV Drone with 720P HD #Camera for $79.99!! (Retail: $159.99)  #freebies #deals #deal #moneysaver #greatdeal #steals #discount #sale #bargain #bargainhunter #cheap #bestprice #Amazon  #Deals #giveaway #Deal #ganga   https://t.co/0MNsg2mFGd https://t.co/3XHaV3ZyFB',b'CoolDealCA',"['Camera', 'freebies', 'deals', 'deal', 'moneysaver', 'greatdeal', 'steals', 'discount', 'sale', 'bargain', 'bargainhunter', 'cheap', 'bestprice', 'Amazon', 'Deals', 'giveaway', 'Deal', 'ganga']",1073
,,,,
15-04-2020 19:35,b'France to Amazon: Ship only essentials in 24 hours or pay 1 million euros per day https://t.co/Z363SGaO3a #Companies https://t.co/eQQT8822Zi #France #to #Amazon #zamjenska #Ship #only #essentials #in #24 #hours #or #pay #1 #million #euros #per #day #  343',b'poandpo',"['Companies', 'France', 'to', 'Amazon', 'zamjenska', 'Ship', 'only', 'essentials', 'in', 'hours', 'or', 'pay', 'million', 'euros', 'per', 'day']",3482
,,,,
15-04-2020 19:35,b'Amazon Affiliate Commission 2020 Cuts: Ecom Giant Lowers Hammer on Affiliates https://t.co/mM53OAAiuM #amazon #amazonaffiliates #thebizcrush #KennethHolland https://t.co/qOiAPJjEwQ',b'KennethHolland',"['amazon', 'amazonaffiliates', 'thebizcrush', 'KennethHolland']",20107
,,,,
15-04-2020 19:34,"b'Even before this quarantine my husband and I spent our time watch cable tv show. Now our days consist of @littlefirehulu, @Ozark @WWETheBigShow #GoldenGirls, #BeverlyHillbillies, #Frasier &amp; many more. - - #Hulu #Netflix #quarantine #Amazon #Firestick #togetherness #stay #safe'",b'Mrs_ToniDavis',"['GoldenGirls', 'BeverlyHillbillies', 'Frasier', 'Hulu', 'Netflix', 'quarantine', 'Amazon', 'Firestick', 'togetherness', 'stay', 'safe']",23
,,,,
15-04-2020 19:32,b'#BookBoost #BookBlast #BookPromotion #BookPromo #bookstagram #ebook #ebooks #Books #bookseries #booklove #booklover #booklovers #bookaddict #BookWorm #Amazon #KindleBooks\xe2\x9e\xa1\xef\xb8\x8fhttps://t.co/Al7i6ZNE7p Follow: @andria_mavrek\xf0\x9f\x8c\x9fEDGE of the RINGS\xf0\x9f\x8c\x9f \xf0\x9f\x9a\x80Booktrailer: https://t.co/r9S9BjJEOo https://t.co/JhYHRPL7WW',b'andria_mavrek',"['BookBoost', 'BookBlast', 'BookPromotion', 'BookPromo', 'bookstagram', 'ebook', 'ebooks', 'Books', 'bookseries', 'booklove', 'booklover', 'booklovers', 'bookaddict', 'BookWorm', 'Amazon', 'KindleBooks']",2301
,,,,
15-04-2020 19:32,b'https://t.co/v67UUQqPfa DOOGEE S68 PRO Smartphone #Amazon #Deal https://t.co/xChcA7XkBw',b'amzn_deals_de',"['Amazon', 'Deal']",101
,,,,
15-04-2020 19:31,"b""I'm so sick of people on eBay selling #overpriced goods that wouldn't be so expensive if it wasn't  because of the virus!!! #ebay #amazon #coronavirus""",b'crimson_orion',"['overpriced', 'ebay', 'amazon', 'coronavirus']",87
,,,,
15-04-2020 19:31,"b'""Original Love"" by #NadiaKhalil. This collection of #timelesswisdom provides you with #practicalguidance and thought-provoking questions that will enable you to find, live, and share the #OriginalLove with which you came to Earth. Available now on #Amazon https://t.co/lSH0AicoOB https://t.co/3baWI2cMLT'",b'khalilnadia',"['NadiaKhalil', 'timelesswisdom', 'practicalguidance', 'OriginalLove', 'Amazon']",2550
,,,,
15-04-2020 19:31,"b'@Beenaxkhan Riveting on the edge of your seat #adventure. Down load your copies of ""Revenge"" now! #mustread #amazon #kindleUnlimited  #CarolHDornetto #crime #fiction #thriller #mystery  @CarolDornetto available at Amazon --&gt; https://t.co/UoJyS3FEFF https://t.co/it7Ppawbus'",b'CarolDornetto',"['adventure', 'mustread', 'amazon', 'kindleUnlimited', 'CarolHDornetto', 'crime', 'fiction', 'thriller', 'mystery']",3975
,,,,
15-04-2020 19:30,b'Disney Princess Ariel\xe2\x80\x99s Royal Vanity https://t.co/R2AOyFGtZq #amazon #ariels #disney',b'ilovesavingsca',"['amazon', 'ariels', 'disney']",208
,,,,
15-04-2020 19:30,"b""Meanwhile in the United States, workers have called for #Amazon to close facilities for cleaning where workers have tested positive for #Covid_19. It seems Amazon's response was firing workers who called out working conditions.  #amazonfrance #Bezos https://t.co/etA6fTteA3""",b'theLFshow',"['Amazon', 'Covid_19', 'amazonfrance', 'Bezos']",9242
,,,,
15-04-2020 19:30,b'#AMAZON &gt;&gt; Best Books of the Month: Science Fiction &amp; Fantasy Find Your Next Great Read https://t.co/VJ38Qj27w7',b'MoGalore',['AMAZON'],4442
,,,,
15-04-2020 19:30,"b""#GirlsWhoReadandWrite if you do what's necessary, you will move to the possible then the impossible. Start on your way to becoming an accomplished writer. Be inspired by writers like @kelliburris7. Find her novel #TheHauntingofDonanCastle on #Amazon or #Smashwords #Page33of366 https://t.co/lsTT2IP9KH""",b'EvilyPurple12',"['GirlsWhoReadandWrite', 'TheHauntingofDonanCastle', 'Amazon', 'Smashwords', 'Page33of366']",3298
,,,,
15-04-2020 19:30,b'Essentia Water 20-oz. Bottles Case of 24 for $27.96!!  #freebies #deals #deal #moneysaver #greatdeal #steals #discount #sale #bargain #bargainhunter #bargainshopper #cheap #bestprice #Amazon  #Deals #Deal #ganga   https://t.co/07EPnv1F9a https://t.co/OfsKeh3S48',b'CoolDealCA',"['freebies', 'deals', 'deal', 'moneysaver', 'greatdeal', 'steals', 'discount', 'sale', 'bargain', 'bargainhunter', 'bargainshopper', 'cheap', 'bestprice', 'Amazon', 'Deals', 'Deal', 'ganga']",1073
,,,,
15-04-2020 19:30,b'Black &amp; Decker 3-in-1 Corded Lightweight Handheld Vacuum Cleaner only $34.99!!  #freebies #deals #deal #moneysaver #greatdeal #steals #discount #sale #bargain #bargainshopper #cheap #bestprice #Amazon  #Deals #giveaway #Deal #ganga   https://t.co/J0lQanSs2f https://t.co/uQimMBysFC',b'CoolDealCA',"['freebies', 'deals', 'deal', 'moneysaver', 'greatdeal', 'steals', 'discount', 'sale', 'bargain', 'bargainshopper', 'cheap', 'bestprice', 'Amazon', 'Deals', 'giveaway', 'Deal', 'ganga']",1073
,,,,
15-04-2020 19:30,b'Dreamer By Gianni Versace for $29.45!! (Retail: $72)  #freebies #deals #deal #moneysaver #greatdeal #steals #discount #sale #bargain #bargainhunter #bargainshopper #cheap #bestprice #Amazon  #Deals #giveaway #Deal #ganga   https://t.co/LzdThhO404 https://t.co/ZIll5n05CK',b'CoolDealCA',"['freebies', 'deals', 'deal', 'moneysaver', 'greatdeal', 'steals', 'discount', 'sale', 'bargain', 'bargainhunter', 'bargainshopper', 'cheap', 'bestprice', 'Amazon', 'Deals', 'giveaway', 'Deal', 'ganga']",1073
,,,,
15-04-2020 19:30,"b""This week's Maths &amp; Science #Kindle Book Releases on #Amazon\xf0\x9f\x93\x9a \xe2\x9e\x9c https://t.co/5yD79oVvsD #ebook #amazonuk https://t.co/8yKOFvepbJ""",b'GuideCalculator',"['Kindle', 'Amazon', 'ebook', 'amazonuk']",1916
,,,,
15-04-2020 19:30,"b'""...plenty of action, some violence, some brewing romance, and of course some mystery.."" MYSTERY/THRILLER/DETECTIVE LINK: https://t.co/iHcwyLVEPh  #Books #IARTG #Kindle #Amazon #ReadIndie #indieauthors #ian1 @INDIEBOOKSOURCE #Authors @rcarter67606  @davepperlmutter https://t.co/bULWr0Pv6M'",b'JPCarter47',"['Books', 'IARTG', 'Kindle', 'Amazon', 'ReadIndie', 'indieauthors', 'ian1', 'Authors']",17301
,,,,
15-04-2020 19:30,b'\xe2\x99\xa5 The Nooner is Ready to Read \xe2\x99\xa5 Lunchtime has never been so sexy. Grab this HOT lunchtime read today! #bwwmromance #amazon #irromance https://t.co/jVmhri8QaE https://t.co/NdyTytnNra',b'ReanaMalori',"['bwwmromance', 'amazon', 'irromance']",4015
,,,,
15-04-2020 19:30,"b""THE Z BOOK Genre: Children's Educational https://t.co/1m3dJfo9Ch AUTHOR LORELLE BURKE GRAZIS #Books #IARTG #Kindle #Amazon #ReadIndie #indieauthors #ian1 #bookboost #Authors @rcarter67606 @JPCarter47 @LorelleBGrazis @DeniseCassino https://t.co/8a9m9mfIMw""",b'INDIEBOOKSOURCE',"['Books', 'IARTG', 'Kindle', 'Amazon', 'ReadIndie', 'indieauthors', 'ian1', 'bookboost', 'Authors']",10277
,,,,
15-04-2020 19:28,"b'\xf0\x9f\x92\x95FREE TODAY 16 Apr\xf0\x9f\x92\x95 Join Sharon Singh and her crazy family as they run the corner shop, play the #lottery and hunt for suitable marriage material \xf0\x9f\x98\x9a\xf0\x9f\x92\x95\xf0\x9f\x99\x8f\xf0\x9f\x91\xa0  #SikhVaisakhi #Punjab #humour #IndiaLockdown #freebooks #Amazon   https://t.co/m1r8rtav76 https://t.co/wuuWVOboz7'",b'VodkaWardrobe',"['lottery', 'SikhVaisakhi', 'Punjab', 'humour', 'IndiaLockdown', 'freebooks', 'Amazon']",19215
,,,,
15-04-2020 19:28,b'Here Are 71 That Want Your Applications Now. #hiring #Job #application | By the way: 72 #Amazon \xf0\x9f\x98\x89 via @TheMuse https://t.co/KaxVQZOX2R',b'MBlenski',"['hiring', 'Job', 'application', 'Amazon']",300
,,,,
15-04-2020 19:27,"b'Richest man in the world #Bezos now $24 billion richer amid pandemic  #Amazon stock surged 5.3%, \xe2\x80\x9chitting a new record close of $2,283 per share. The stock is now +20% so far this year, outpacing the benchmark index (the S&amp;P 500 is down over 12%)\xe2\x80\x9d  #MOG https://t.co/Ki0NQFGfCl'",b'mog7546',"['Bezos', 'Amazon', 'MOG']",43971
,,,,
15-04-2020 19:27,"b'Best news today is, Amazon will lift the ban of non-essential item into their warehouses. Oh yeah! So here we go. Cargo loading time \xf0\x9f\x91\xa9\xf0\x9f\x8f\xbb\xe2\x80\x8d\xf0\x9f\x92\xbb #amazon #amazonprime https://t.co/EpkELqV7a2'",b'lishaquino',"['amazon', 'amazonprime']",567
,,,,
15-04-2020 19:25,b'Amazon May Close All French Warehouses After Court Ruling: https://t.co/K6kV6NYsSh   #Amazon',b'One_News_Page',['Amazon'],1976
,,,,
15-04-2020 19:25,b'The Original Individual Waffle Maker for $14.99!!! \xf0\x9f\x94\xa5   #freebies #deals #deal #moneysaver #greatdeal #steals #discount #sale #bargain #bargainhunter #bargainshopper #cheap #bestprice #Amazon  #Deals #giveaway #Deal #ganga   https://t.co/PoWqKqtJZa https://t.co/GzTfvyqrBD',b'CoolDealCA',"['freebies', 'deals', 'deal', 'moneysaver', 'greatdeal', 'steals', 'discount', 'sale', 'bargain', 'bargainhunter', 'bargainshopper', 'cheap', 'bestprice', 'Amazon', 'Deals', 'giveaway', 'Deal', 'ganga']",1073
,,,,
15-04-2020 19:25,b'#Apple AirPods with Charging Case (Latest Model) for $129!! (Retail: $159)  #freebies #deals #deal #moneysaver #greatdeal #steals #discount #sale #bargain #bargainhunter #bargainshopper #cheap #bestprice #Amazon  #Deals #giveaway #Deal #ganga   https://t.co/i8NKuO72jn https://t.co/zWRaVjqeR1',b'CoolDealCA',"['Apple', 'freebies', 'deals', 'deal', 'moneysaver', 'greatdeal', 'steals', 'discount', 'sale', 'bargain', 'bargainhunter', 'bargainshopper', 'cheap', 'bestprice', 'Amazon', 'Deals', 'giveaway', 'Deal', 'ganga']",1073
,,,,
15-04-2020 19:25,b'#Free 16-20 April. Add to your #kindle Library.  #fantasy #sciencefiction #shortstories #Amazon https://t.co/H5mIAmuUI8',b'RMDuChene1',"['Free', 'kindle', 'fantasy', 'sciencefiction', 'shortstories', 'Amazon']",622
,,,,
15-04-2020 19:24,"b'French Court Rebukes #Amazon Over Worker Health and Safety, Prompts Company to Shut Warehouses in France https://t.co/Dh8JPBm3Vw via @lawdotcomINTL'",b'Dan_Mihai_',['Amazon'],907
,,,,
15-04-2020 19:23,b'@RayDalio I quote - \xe2\x80\x9cdon\xe2\x80\x99t get caught up with how things should be because then you\xe2\x80\x99ll miss out how things really are \xe2\x80\x9c    \xf0\x9f\x96\xa8 \xf0\x9f\x92\xb0  #amazon #tesla #netflix #zoom',b'TommyTheBull287',"['amazon', 'tesla', 'netflix', 'zoom']",351
,,,,
15-04-2020 19:23,b'Tangled Up In You by Lelani Black https://t.co/DyuZsHHhk0  @lelaniblack #Amazon #GoodReads #EBooks',b'BritonandDane',"['Amazon', 'GoodReads', 'EBooks']",23390
,,,,
15-04-2020 19:22,"b'#AMAZON.com DAILY #DEALS  Now 29% off:  SYOSIN Furniture Straps (6 Pack) for Baby Proofing, Metal Child Proofing Furniture Anchors, Secure 400 Pound Falling Furniture Pr...  More info: https://t.co/WWdwau5vsh  Follow @alv_wood Deal-ticker, #free trials &amp; more. https://t.co/iqFqDCzyuS'",b'alv_wood',"['AMAZON', 'DEALS', 'free']",261
,,,,
15-04-2020 19:21,b'Disney Princess Belle\xe2\x80\x99s Royal Kitchen https://t.co/ojKQO1T4UI #amazon #disney #disney-princess',b'ilovesavingsca',"['amazon', 'disney', 'disney']",208
,,,,
15-04-2020 19:21,"b""A still from my #movie 'And There Were 4' @starringshadner playing Thrill (right) &amp; @thehollyhoodactor playing Scholar (left). I hope while on #quarantine you watch this on @PrimeVideo and @primevideouk for #FREE #quarantinelife #quarantineandchill #indie #comics #amazon https://t.co/a5wPDapYcc""",b'SaquanJones',"['movie', 'quarantine', 'FREE', 'quarantinelife', 'quarantineandchill', 'indie', 'comics', 'amazon']",346
,,,,
15-04-2020 19:21,"b'Half Sick of Shadows by Richard Abbott audiobook, narrated by Menna Bonsels, now available on #amazon UK https://t.co/XuVLsimMrW \xe2\x80\xa6 indieBRAG medallion winner #historicalfantasy #fantasy https://t.co/sDOSK4wMtN'",b'MilkHoneyedLand',"['amazon', 'historicalfantasy', 'fantasy']",1959
,,,,
15-04-2020 19:20,b'Listening to a jurk on #DrPhil who was fired by #Amazon because he took a stand to close them down due to #coronavirus.   I guess the dude didn\xe2\x80\x99t realize $AMZN is an essential business/Warehouse. YES they suck to work for &amp; I never would but you complain to Bezos and... https://t.co/PlfbxIACIH',b'Michaeloptv',"['DrPhil', 'Amazon', 'coronavirus']",281
,,,,
15-04-2020 19:20,"b""Puritan's Pride Super Strength Melatonin 60-PACK only $4.79!!  #freebies #deals #deal #moneysaver #greatdeal #steals #discount #sale #bargain #bargainhunter #bargainshopper #cheap #bestprice #Amazon  #Deals #giveaway #Deal #ganga   https://t.co/xnMu1aSCAw https://t.co/g42ZBQbCiS""",b'CoolDealCA',"['freebies', 'deals', 'deal', 'moneysaver', 'greatdeal', 'steals', 'discount', 'sale', 'bargain', 'bargainhunter', 'bargainshopper', 'cheap', 'bestprice', 'Amazon', 'Deals', 'giveaway', 'Deal', 'ganga']",1073
,,,,
15-04-2020 19:20,b'Best Selling #Gaming/Office Chair for $90.84!!  #freebies #deals #deal #moneysaver #greatdeal #steals #discount #sale #bargain #bargainhunter #bargainshopper #cheap #bestprice #Amazon  #Deals #giveaway #Deal #ganga   https://t.co/xNrjjpQ4Tk https://t.co/O3KdjoJqg6',b'CoolDealCA',"['Gaming', 'freebies', 'deals', 'deal', 'moneysaver', 'greatdeal', 'steals', 'discount', 'sale', 'bargain', 'bargainhunter', 'bargainshopper', 'cheap', 'bestprice', 'Amazon', 'Deals', 'giveaway', 'Deal', 'ganga']",1073
,,,,
15-04-2020 19:20,"b""Afternoon Briefs: #Amazon GC's leaked notes may lead to lawsuit; ABA legal ed section's council seeks ideas...  https://t.co/sSFjPqKX2V  via @ABAJournal #employmentlaw""",b'arilaw',"['Amazon', 'employmentlaw']",98
,,,,
15-04-2020 19:20,"b'Meet Sandra and Jacob, a hot hero and a feisty heroine, in the new Romance - Crave (Clark Family Series Book 1)  #Amazon #kindle #romance #newrelease #bookpromo  https://t.co/JPRgRZK29f https://t.co/0UIfWQJbzn'",b'shadowconn',"['Amazon', 'kindle', 'romance', 'newrelease', 'bookpromo']",21086
,,,,
15-04-2020 19:19,b'#AmazonAppContest Hoping To win  Oneplus 7T pro* Thanks @amazonIN @amazon @OnePlus_IN @oneplus For #AmazonAppContest #Amazon #OnePlus #OnePlus7TPro #Oneplus #Amazon #amazon #AmazonAppDownload #OnePlus Regards  Rajinder @rajinde84717288 https://t.co/GTIbikWYeB',b'rajinde84717288',"['AmazonAppContest', 'AmazonAppContest', 'Amazon', 'OnePlus', 'OnePlus7TPro', 'Oneplus', 'Amazon', 'amazon', 'AmazonAppDownload', 'OnePlus']",7
,,,,
15-04-2020 19:19,b'YAY my book from .@PressureLuck arrived a day early! #amazon #bestseller #cookbooks #cooking #instantpot #instantpotrecipes #pressureluck https://t.co/oUGq3jashX',b'green4cp',"['amazon', 'bestseller', 'cookbooks', 'cooking', 'instantpot', 'instantpotrecipes', 'pressureluck']",1415
,,,,
15-04-2020 19:18,b'You Can\xe2\x80\x99t Miss This #AMAZON #GIFTCARD #GIVEAWAY #FREEBOOKS #AMREADING https://t.co/igVRUud5X9',b'zest241',"['AMAZON', 'GIFTCARD', 'GIVEAWAY', 'FREEBOOKS', 'AMREADING']",272
,,,,
15-04-2020 19:18,b'I wouldn\xe2\x80\x99t say that #Amazon is operating at the peak of efficiency. We just got two deliveries at the exact same time from two different trucks. \xf0\x9f\xa4\x94 @AmazonHelp',b'OhioSQ',['Amazon'],919
,,,,
15-04-2020 19:18,"b'Check out this #Amazon Bestseller - Huawei P Smart-Single Sim,3GB+32GB,5.65 inch FullView d for \xc2\xa3109.99 https://t.co/54JWS7yc6Y https://t.co/6QL4ANKMVM'",b'AppDropped_UK',['Amazon'],668
,,,,
15-04-2020 19:18,"b'Very over excited and giddy that my new book, Musings Love and Life ~ a collection of 80 poems ~ is now available in paperback and ebook on Amazon US, UK and globally! #poet #poetry #writers #authors   Musings Love and Life https://t.co/VhHUuGNLeK\xe2\x80\xa6 #Amazon'",b'MRHSutcliffe',"['poet', 'poetry', 'writers', 'authors', 'Amazon']",10171
,,,,
15-04-2020 19:18,b'The huge B2G1 free #manga sale on #Amazon is even huger now: https://t.co/OY7T3qli6W https://t.co/6IrW9kx6Rm',b'ComicBook',"['manga', 'Amazon']",193658
,,,,
15-04-2020 19:17,b'WOW! Its a #ParanormalRomance #Giveaway Enter to win #FREEBOOKS #Amazon #Kindle https://t.co/V7UXYmyb8V',b'zest241',"['ParanormalRomance', 'Giveaway', 'FREEBOOKS', 'Amazon', 'Kindle']",272
,,,,
15-04-2020 19:16,b'4-15 **AVAILABLE NOW** at #Amazon paper #book &amp; #ebook #kindle #film #camera available at https://t.co/EXQdDWPYVs #photography #art #photo #Arizona https://t.co/pnQ2eo6MIt',b'diomedes66',"['Amazon', 'book', 'ebook', 'kindle', 'film', 'camera', 'photography', 'art', 'photo', 'Arizona']",82440
,,,,
15-04-2020 19:16,"b'\xf0\x9f\x8c\xbfMove without a sound. Steal without a trace.  \xf0\x9f\x8c\xbfFilled with the #history, #mystery, and #magic of the #GreatSmokyMountains, #KirkusReviews describes #WILLAoftheWOOD as \xe2\x80\x9cA moving, atmospheric journey of hope.\xe2\x80\x9d\xc2\xa0  Willa on #Amazon: https://t.co/9YWOYUXf1B  \xf0\x9f\x93\xb8: @ soto.books https://t.co/51UGGyuRrq'",b'beattybooks',"['history', 'mystery', 'magic', 'GreatSmokyMountains', 'KirkusReviews', 'WILLAoftheWOOD', 'Amazon']",41021
,,,,
15-04-2020 19:16,"b'I just entered to Win a $30 Amazon Gift Card DOUBLE Giveaway, 2 Winners, from The Nerd Realm! @The_Nerd_Realm #Giveaway #Amazon #GiftCard #TheNerdRealm #YouTube https://t.co/YEUYxMdtBr'",b'CrypMania',"['Giveaway', 'Amazon', 'GiftCard', 'TheNerdRealm', 'YouTube']",725
,,,,
15-04-2020 19:16,"b'I just entered to Win a $30 Amazon Gift Card DOUBLE Giveaway, 2 Winners, from The Nerd Realm! @The_Nerd_Realm #Giveaway #Amazon #GiftCard #TheNerdRealm #YouTube https://t.co/mThzV9Rg5P'",b'Alex0liveira30',"['Giveaway', 'Amazon', 'GiftCard', 'TheNerdRealm', 'YouTube']",87
,,,,
15-04-2020 19:16,"b'Our Debut Single \xe2\x80\x98Just Friends\xe2\x80\x99 Releases THIS Friday, April 17th!   On All Digital Platforms!   Don\xe2\x80\x99t forget to follow us on, Instagram: @thebandroyalhaven  #newmusicalert #release #single #country #pop #playlist #itunes #spotify #amazon #pandora #applemusic #youtube #iheartradio https://t.co/tMj9HFB7Yc'",b'RoyalHavenBand',"['newmusicalert', 'release', 'single', 'country', 'pop', 'playlist', 'itunes', 'spotify', 'amazon', 'pandora', 'applemusic', 'youtube', 'iheartradio']",18
,,,,
15-04-2020 19:15,b'New gift idea (Premium Microfiber Towels for Cars - 6 Pack - Thick Professional Microfiber Cleaning Cloth ...) has been published on  - https://t.co/DYglHPDyH1 #Monday #Tuesday #Wednesday #Thursday #Firday #Saturday #Sunday #amazon #gift #shopping #discount #follow #UnitedStates https://t.co/ulSKGTz5u4',b'websmenu',"['Monday', 'Tuesday', 'Wednesday', 'Thursday', 'Firday', 'Saturday', 'Sunday', 'amazon', 'gift', 'shopping', 'discount', 'follow', 'UnitedStates']",1327
,,,,
15-04-2020 19:15,"b'Buy ticket to win a US$100 gift card   Open the payment address, enter your email and your name with you lucky number (from 1 to 69) example: #JustinSun - 19 If you win you can choose #amazon #ebay  #starbucks etc  https://t.co/7pik5tYfFB Draw date : April 15, 2020 -11pm https://t.co/4xZ26pCfSt'",b'OnlyWithCrypto',"['JustinSun', 'amazon', 'ebay', 'starbucks']",40
,,,,
15-04-2020 19:15,"b""Novel Writing Blueprint Workbook: A writer'... by Jill Harris for $4.99 https://t.co/2gz8Ac13sI via #amazon""",b'shadowconn',['amazon'],21086
,,,,
15-04-2020 19:14,"b""It was difficult but I HAD to do it. No matter what my father did, my mom refuse to leave and my brothers became just as abusive. It's all in Family Is Not Everything, my book on #Amazon. Check it out here: https://t.co/TGrLctu2om #bestread #ebook #nonfiction \xe2\x97\x84 \xe2\x97\x84 https://t.co/zryxAYIAl7""",b'eBooksHabit',"['Amazon', 'bestread', 'ebook', 'nonfiction']",241168
,,,,
15-04-2020 19:14,"b""It was difficult but I HAD to do it. No matter what my father did, my mom refuse to leave and my brothers became just as abusive. It's all in Family Is Not Everything, my book on #Amazon. Check it out here: https://t.co/tgv62HfROz #bestread #ebook #nonfiction *-*. https://t.co/1uZvF1hI3G""",b'TheBookTweeters',"['Amazon', 'bestread', 'ebook', 'nonfiction']",235483
,,,,
15-04-2020 19:14,b'If y\xe2\x80\x99all want a tv this one is amazing - ... https://t.co/k3HV3IWcNL #Amazon',b'901darryl',['Amazon'],557
,,,,
15-04-2020 19:13,b'Become lost In the darkness The horror The fog...  The Lakeside \xe2\xad\x90\xe2\xad\x90\xe2\xad\x90\xe2\xad\x90 (11) https://t.co/vpLquMv4Xp On #Amazon\xf0\x9f\x93\x93 https://t.co/20plwLhG8i  #amwriting #amdrawing #horror #betterbrainsbooks #thelakeside #BookBoost #ebook #bookstagram @wowbooks/books https://t.co/y0PcmhgTCk',b'BetterBrainsB',"['Amazon', 'amwriting', 'amdrawing', 'horror', 'betterbrainsbooks', 'thelakeside', 'BookBoost', 'ebook', 'bookstagram']",2290
,,,,
15-04-2020 19:13,"b'Six tales of dark, fantasy, weirdness. For tastes ranging from Poe to Lovecraft to mythology. Available on #Amazon and #Kobo. https://t.co/flpirnz7nK #ebook #FANTASY #lovecraftian #fantasybooks https://t.co/EQE2kXBju7'",b'JeffChpmnWriter',"['Amazon', 'Kobo', 'ebook', 'FANTASY', 'lovecraftian', 'fantasybooks']",2071
,,,,
15-04-2020 19:12,b'Gotta love #amazon even in the apocalypse I can still get a 5 lb bag of gummie bears same day delivery ordered at 2pm. Life is good.',b'Pyrostasis',['amazon'],2408
,,,,
15-04-2020 19:12,b'The reasons Pez Outlaw was targeted by Pez Corporation #Netflix #Amazon #Apple #Disney https://t.co/I9Mwsv15wS https://t.co/Y4dZQCYfKp',b'pezoutlaw',"['Netflix', 'Amazon', 'Apple', 'Disney']",14606
,,,,
15-04-2020 19:12,b'Brand new monster-hunting excitement to ease the #StayAtHome blues.  An ex-Army Ranger takes on a prehistoric terror known as . . . the Demon Flyer.  Available at #Amazon.  https://t.co/CwKDw1Utmw   #books  #scifi  #amreading  #horror  #adventure  #cryptozoology  #ebooks',b'JohnJRust',"['StayAtHome', 'Amazon', 'books', 'scifi', 'amreading', 'horror', 'adventure', 'cryptozoology', 'ebooks']",452
,,,,
15-04-2020 19:10,b'DAWN OF THE ANCIENTS: DANIEL https://t.co/8Tj22tdnw4 #Amazon',b'AuroraBirchwood',['Amazon'],903
,,,,
15-04-2020 19:10,b'Highly Rated Surround Sound Speaker System with Bluetooth for $99.93!! (Retail: $129.99)  #freebies #deals #deal #moneysaver #greatdeal #steals #discount #sale #bargain #bargainshopper #cheap #bestprice #Amazon  #Deals #giveaway #Deal #ganga   https://t.co/faihVAv7gw https://t.co/rVSjI2UosR',b'CoolDealCA',"['freebies', 'deals', 'deal', 'moneysaver', 'greatdeal', 'steals', 'discount', 'sale', 'bargain', 'bargainshopper', 'cheap', 'bestprice', 'Amazon', 'Deals', 'giveaway', 'Deal', 'ganga']",1073
,,,,
15-04-2020 19:10,b'5-Star Rated 100% Organic Beard Oil 3-Pack only $8.99!!!  #freebies #deals #deal #moneysaver #greatdeal #steals #discount #sale #bargain #bargainhunter #bargainshopper #cheap #bestprice #Amazon  #Deals #Deal #ganga   https://t.co/ycHnAsq3Ze https://t.co/HnPjHMmLpm',b'CoolDealCA',"['freebies', 'deals', 'deal', 'moneysaver', 'greatdeal', 'steals', 'discount', 'sale', 'bargain', 'bargainhunter', 'bargainshopper', 'cheap', 'bestprice', 'Amazon', 'Deals', 'Deal', 'ganga']",1073
,,,,
15-04-2020 19:10,b'@AUTHORBDWEST Hello \xf0\x9f\x91\x8b This is my link for my #contemporary #horror #story available as an #eBook &amp; #paperback   Thank you   DAWN OF THE ANCIENTS: DANIEL https://t.co/XRP9AzwgEH #Amazon  DAWN OF THE ANCIENTS: DANIEL https://t.co/8Tj22tdnw4 #Amazon',b'AuroraBirchwood',"['contemporary', 'horror', 'story', 'eBook', 'paperback', 'Amazon', 'Amazon']",903
,,,,
15-04-2020 19:10,b'France to Amazon: Ship only essentials in 24 hours or pay 1 million euros per day https://t.co/Z363SGaO3a #Companies https://t.co/eQQT8822Zi #France #to #Amazon #zamjenska #Ship #only #essentials #in #24 #hours #or #pay #1 #million #euros #per #day #  338',b'poandpo',"['Companies', 'France', 'to', 'Amazon', 'zamjenska', 'Ship', 'only', 'essentials', 'in', 'hours', 'or', 'pay', 'million', 'euros', 'per', 'day']",3482
,,,,
15-04-2020 19:10,b'#readandreview here: https://t.co/rZw4qlUcSQ  Available at #Amazon https://t.co/LxU8aIt9tQ #ad  #love2read #bookreview #lovebooks #BookBoost #bookworms #lovetoread #bookaday  #Feedyourreader #bookaday #read #livetoread #bookshelf #Kindle #bookaddict #booksofinstagram https://t.co/KyTKYZE3WY',b'CandidBReview',"['readandreview', 'Amazon', 'ad', 'love2read', 'bookreview', 'lovebooks', 'BookBoost', 'bookworms', 'lovetoread', 'bookaday', 'Feedyourreader', 'bookaday', 'read', 'livetoread', 'bookshelf', 'Kindle', 'bookaddict', 'booksofinstagram']",497
,,,,
15-04-2020 19:09,b'DAWN OF THE ANCIENTS: DANIEL https://t.co/XRP9AzwgEH #Amazon',b'AuroraBirchwood',['Amazon'],903
,,,,
15-04-2020 19:09,"b'French Court Rebukes #Amazon Over Worker Health and Safety, Prompts Company to Shut Warehouses in France.  Lawyers said the court ruling should serve as a blueprint \xe2\x80\x94 and a warning \xe2\x80\x94 for companies doing business in France during the #COVID-19 crisis. https://t.co/9lfDMAO4Hc'",b'IntlLawMatters',"['Amazon', 'COVID']",5721
,,,,
15-04-2020 19:09,"b'""Excellent writing, riveting storytelling."" #amazon #kindle #history  https://t.co/XjL4JpDcIW UK https://t.co/66XP2icodH US https://t.co/FHFRY8qQRt AUS https://t.co/Vyd103qlTZ'",b'PeterTolladay',"['amazon', 'kindle', 'history']",7945
,,,,
15-04-2020 19:08,b'Flybar MFF-B My First Flyber https://t.co/cCeap3vM2g #amazon #flybar #my-first-flyber',b'ilovesavingsca',"['amazon', 'flybar', 'my']",208
,,,,
15-04-2020 19:08,b'The reasons Pez Outlaw was targeted by Pez Corporation #Netflix #Amazon #Apple #Disney https://t.co/I9Mwsv15wS',b'pezoutlaw',"['Netflix', 'Amazon', 'Apple', 'Disney']",14606
,,,,
15-04-2020 19:08,"b'Pez Outlaw, ""Notes From The Asylum"" #Apple #Disney #Amazon #Netflix: The reasons Pez Outlaw was targeted by Pez Corpora... https://t.co/I9Mwsv15wS'",b'pezoutlaw',"['Apple', 'Disney', 'Amazon', 'Netflix']",14606
,,,,
15-04-2020 19:07,b'Classic Chicken Noodle https://t.co/HYGQeLuCLK #amazon',b'ilovesavingsca',['amazon'],208
,,,,
15-04-2020 19:07,b'When I\xe2\x80\x99m listening to a 2000\xe2\x80\x99s R&amp;B playlist and Alexa decided to play #rkelly #BreakingNews #Amazon https://t.co/QGrpFKVbN1',b'allaboutanth',"['rkelly', 'BreakingNews', 'Amazon']",3
,,,,
15-04-2020 19:07,"b""Fuck y'all #Amazon price gouging asses""",b'FatTonyroll1',['Amazon'],632
,,,,
15-04-2020 19:05,"b'Got a 1 star review recently. Most writers would prefer to bury such a review, but I created a strong reaction in this reader, that for me, is a great thing. #Amazon #paperback #books #reviews #religious #sciencefiction #thriller https://t.co/1uZsZjbpiD https://t.co/vtzvPHTMlR'",b'lexallenbooks',"['Amazon', 'paperback', 'books', 'reviews', 'religious', 'sciencefiction', 'thriller']",4030
,,,,
15-04-2020 19:05,b'Highly Rated #Gaming #Headset only $29.99!!  #freebies #deals #deal #moneysaver #greatdeal #steals #discount #sale #bargain #bargainshopper #cheap #bestprice #Amazon  #Deals #giveaway #Deal #ganga   https://t.co/4dgqPSSZUT https://t.co/oOwKN0t6F3',b'CoolDealCA',"['Gaming', 'Headset', 'freebies', 'deals', 'deal', 'moneysaver', 'greatdeal', 'steals', 'discount', 'sale', 'bargain', 'bargainshopper', 'cheap', 'bestprice', 'Amazon', 'Deals', 'giveaway', 'Deal', 'ganga']",1073
,,,,
15-04-2020 19:05,b'LIFEWTR Premium Purified Water 10-COUNT for $10.98!!  #freebies #deals #deal #moneysaver #greatdeal #steals #discount #sale #bargain #bargainhunter #bargainshopper #cheap #bestprice #Amazon  #Deals #giveaway #Deal #ganga   https://t.co/0AGCvR9cjf https://t.co/haSsnesjYs',b'CoolDealCA',"['freebies', 'deals', 'deal', 'moneysaver', 'greatdeal', 'steals', 'discount', 'sale', 'bargain', 'bargainhunter', 'bargainshopper', 'cheap', 'bestprice', 'Amazon', 'Deals', 'giveaway', 'Deal', 'ganga']",1073
,,,,
15-04-2020 19:05,"b""#Amazon 's Choice Portable Charger for $13.99!!! (Retail: $32.99)  #freebies #deals #deal #moneysaver #greatdeal #steals #discount #sale #bargain #bargainhunter #bargainshopper #cheap #bestprice #Amazon  #Deals #giveaway #Deal #ganga   https://t.co/16J19ADsAM https://t.co/jkhQDRm1Gs""",b'CoolDealCA',"['Amazon', 'freebies', 'deals', 'deal', 'moneysaver', 'greatdeal', 'steals', 'discount', 'sale', 'bargain', 'bargainhunter', 'bargainshopper', 'cheap', 'bestprice', 'Amazon', 'Deals', 'giveaway', 'Deal', 'ganga']",1073
,,,,
15-04-2020 19:05,b'Photo By PublicDomainPictures | Pixabay   #frog #amazon #exotic #amazon #consumerelectronics #hops #hoppe #theguardian https://t.co/PFA2QoulVZ',b'seaweed115B',"['frog', 'amazon', 'exotic', 'amazon', 'consumerelectronics', 'hops', 'hoppe', 'theguardian']",142278
,,,,
15-04-2020 19:05,b'Amazon Affiliate Commission 2020 Cuts: Ecom Giant Lowers Hammer on Affiliates - The Bizcrush #020 https://t.co/v8wn6roTVb #amazon #amazonaffiliates #thebizcrush #KennethHolland https://t.co/0RZCvtSQxM',b'KennethHolland',"['amazon', 'amazonaffiliates', 'thebizcrush', 'KennethHolland']",20107
,,,,
15-04-2020 19:04,"b'Super excited to be a part of the #spreadkindness, created my wish list for things to keep me motivated through coronavirus for my NQT year in September \xf0\x9f\x99\x8c\xf0\x9f\x8f\xbb can\xe2\x80\x99t wait to spread some happiness.   Check out my list on Amazon https://t.co/XS0SyvLmhk #Amazon'",b'JCAMaths',"['spreadkindness', 'Amazon']",12
,,,,
15-04-2020 19:04,"b""That's How revolution started....Power of e-commerce.#JeffBezos #Businessman #ecommercebusiness #passiveincome #Amazon #enterpreneur #Mindset https://t.co/Ps76nu2BLO""",b'Akhiles49068633',"['JeffBezos', 'Businessman', 'ecommercebusiness', 'passiveincome', 'Amazon', 'enterpreneur', 'Mindset']",9
,,,,
15-04-2020 19:04,b'GEREE FHD 1080P 3 inch Screen Car DVR Dashboard Camera Recorder 170 Wide Angle Video https://t.co/VCC1DTr0Ic #amazon #car-dvr #geree',b'ilovesavingsca',"['amazon', 'car', 'geree']",208
,,,,
15-04-2020 19:04,b'#SHOP #SHOPIFY is not the same as #AMZN - Shopify provides cart and purchase options to lots SMB business along with also some PoS services to Retail stores. Their business will get hit badly.  #EconomyCrisis #RetailSales #Amazon',b'yesnoyess',"['SHOP', 'SHOPIFY', 'AMZN', 'EconomyCrisis', 'RetailSales', 'Amazon']",67
,,,,
15-04-2020 19:04,"b'#Now on #Spotify #itunes  #applemusic #amazon #Pandora  #Youtube #YOUTUBECHANNEL   #WAITWEIGHT   6/2020 #TheSeeKingCircuiT vol 2   8/2020  #RareAir vol 1   2020 #SoulGlow   2020 #FiftySeasons   2021 Rare Air, vol 2   2021 #RoamRome   #AIRTEETH #MUsic   \xf0\x9f\x99\x8f\xf0\x9f\x91\xa3\xf0\x9f\x92\x9c\xf0\x9f\x91\x81\xf0\x9f\xa7\xa0\xf0\x9f\x8f\x8b\xef\xb8\x8f\xe2\x80\x8d\xe2\x99\x82\xef\xb8\x8f\xe2\x9c\x8c https://t.co/9gogIqB655'",b'MisterTeethWR',"['Now', 'Spotify', 'itunes', 'applemusic', 'amazon', 'Pandora', 'Youtube', 'YOUTUBECHANNEL', 'WAITWEIGHT', 'TheSeeKingCircuiT', 'RareAir', 'SoulGlow', 'FiftySeasons', 'RoamRome', 'AIRTEETH', 'MUsic']",107
,,,,
15-04-2020 19:04,"b'He supports BAILOUTS FOR INDUSTRIES with a shaky claim to the public purse, like cruise lines, and has staunchly opposed any rescue for the #USPS, which handles essential government communication.  Trump of course has been trying to force the post office to raise rates on #Amazon'",b'mog7546',"['USPS', 'Amazon']",43971
,,,,
15-04-2020 19:04,b'#Amazon Fires Three Employees Critical of Warehouse Conditions \xf0\x9f\xa4\xac https://t.co/magePdQuFr',b'Pug_Ster',['Amazon'],247
,,,,
15-04-2020 19:03,"b""He woke up and couldn't find his penis.That sucks, even if you're a #zombie. Waylon Jenkins is the best makeup artist in Hollywood, but he doesn't know jack about solving a murder. He's gonna have to learn fast. https://t.co/8NfGeSFgVO #kindleunlimited #ebook #comedy #amazon https://t.co/JoUlWrHqQj""",b'johnhartness',"['zombie', 'kindleunlimited', 'ebook', 'comedy', 'amazon']",2420
,,,,
15-04-2020 19:03,"b""A fired bullet can't be unfired. An uttered word can't be unsaid. -Huracan. https://t.co/8jtK9Dm17g #Action #thriller #ebook #amazon #urban https://t.co/OkJFW4cVk0""",b'AuthorOSanchez',"['Action', 'thriller', 'ebook', 'amazon', 'urban']",10063
,,,,
15-04-2020 19:01,b'Which packaging do you prefer for a brain-boosting supplement?   See if you agree with the panel comprised of #Amazon Prime members who take supplements every day.   Then visit https://t.co/cEektiz1xD to see if you got it right! https://t.co/S1U5CvjCbt',b'PickFu',['Amazon'],2020
,,,,
15-04-2020 19:00,b'Walker Edison L Shaped Glass Computer Desk only $110.59!!   #freebies #deals #deal #moneysaver #greatdeal #steals #discount #sale #bargain #bargainhunter #bargainshopper #cheap #bestprice #Amazon  #Deals #Deal #ganga   https://t.co/qf8jkkCKwL https://t.co/MDdUO9K2RJ',b'CoolDealCA',"['freebies', 'deals', 'deal', 'moneysaver', 'greatdeal', 'steals', 'discount', 'sale', 'bargain', 'bargainhunter', 'bargainshopper', 'cheap', 'bestprice', 'Amazon', 'Deals', 'Deal', 'ganga']",1073
,,,,
15-04-2020 19:00,b'100Piece First Aid Kit for $7.98!!  #freebies #deals #deal #moneysaver #greatdeal #steals #discount #sale #bargain #bargainhunter #bargainshopper #cheap #bestprice #Amazon  #Deals #giveaway #Deal #ganga   https://t.co/qPADHkt5tw https://t.co/BWtrRTVvAH',b'CoolDealCA',"['freebies', 'deals', 'deal', 'moneysaver', 'greatdeal', 'steals', 'discount', 'sale', 'bargain', 'bargainhunter', 'bargainshopper', 'cheap', 'bestprice', 'Amazon', 'Deals', 'giveaway', 'Deal', 'ganga']",1073
,,,,
15-04-2020 19:00,"b'\xe2\x81\xa6@jrcarlisle3\xe2\x81\xa9  I just saw this in stock. Not sure if you found any! That one page hasn\xe2\x80\x99t tweeted in a while. Quilted Northern Ultra Plush Toilet Paper, 24 Supreme Rolls, 24 = 99... https://t.co/bVzg6rOyjw #Amazon'",b'ladynicole',['Amazon'],3178
,,,,
15-04-2020 19:00,"b'Whence They Came: The Beginning Kindle Edition  The world\xe2\x80\x99s first demon, seeks a human body to possess in order to spread darkness and evil upon a rapidly brightening world, but he cannot do it alone  #amazon #kindle #christian #fiction #bible https://t.co/EdUETtlNrO via @amazon'",b'InnocentJosie',"['amazon', 'kindle', 'christian', 'fiction', 'bible']",1472
,,,,
15-04-2020 19:00,"b""Check out my book '16 Isn't Always Sweet' on #BookBuzzr #YA #KimaniTru #MustRead #Nook #Amazon #Kindle #teen - https://t.co/nyidfn6aa6""",b'CallMeMissCarta',"['BookBuzzr', 'YA', 'KimaniTru', 'MustRead', 'Nook', 'Amazon', 'Kindle', 'teen']",1379
,,,,
15-04-2020 19:00,b'Certified Refurbished Kindle Oasis $159.99 https://t.co/OmnzWHoKKF at #Amazon https://t.co/kj1FQL8K6H',b'dealnarwhal',['Amazon'],11145
,,,,
15-04-2020 19:00,"b'Twist, Turns, Secrets, Lies #booklovers #books #romance #Romance #coffeetime #fantasy #weekendread #bookbloggers #bookstoread #coffee #weekendread #bookbloggers #book #gamedev #Read #greatreads #RomanceBooks #storyteller #fiction #Amazon #writinglife #novels #HistFic #bookboost https://t.co/Mc2a29QUn8'",b'RaelleLogan1',"['booklovers', 'books', 'romance', 'Romance', 'coffeetime', 'fantasy', 'weekendread', 'bookbloggers', 'bookstoread', 'coffee', 'weekendread', 'bookbloggers', 'book', 'gamedev', 'Read', 'greatreads', 'RomanceBooks', 'storyteller', 'fiction', 'Amazon', 'writinglife', 'novels', 'HistFic', 'bookboost']",13438
,,,,
15-04-2020 19:00,b'CLONE DRONES IS PENDING GUN LEGISLATION  BEHIND THE WEAPONIZED DRONES? LINK: https://t.co/ovCz1ghBmt  #Books #IARTG #Kindle #Amazon #ReadIndie #indieauthors #ian1 #AuthorUpRoar @INDIEBOOKSOURCE  #Authors @JPCarter47   @davepperlmutter #drones https://t.co/5UQlyXPAI6',b'rcarter67606',"['Books', 'IARTG', 'Kindle', 'Amazon', 'ReadIndie', 'indieauthors', 'ian1', 'AuthorUpRoar', 'Authors', 'drones']",19395
,,,,
15-04-2020 19:00,"b'""Hire Smart or Manage Tough"" #interview #diversity #Q12 #gallup #amazon #barraiser #onboarding   By defining work as a series of performance objectives, hiring becomes the front-end extension of the performance management and staff development pro... https://t.co/ydLNZARSBT https://t.co/0Y8v33CrKF'",b'LouA',"['interview', 'diversity', 'Q12', 'gallup', 'amazon', 'barraiser', 'onboarding']",14347
,,,,
15-04-2020 19:00,b'LISTEN NOW: https://t.co/5H0wMAmkMc  Process Automation In eCommerce And Why Its Important | #eCommerce #Automation #Amazon #FBA https://t.co/dnnXLtBzFF',b'bmoskwa',"['eCommerce', 'Automation', 'Amazon', 'FBA']",20903
,,,,
15-04-2020 19:00,b'TEACHERS ARE TEACHING FROM HOME. WE ARE LEGALLY &amp; MORALLY UNABLE TO TEACH \xe2\x80\x9cFACE TO FACE\xe2\x80\x9d WE NEED TO STREAM COPYRIGHTED MATERIAL TO STUDENTS W/O FORCING PARENTS TO USE THEIR STIMULUS CHECK TO RENT A MOVIE I ALREADY BOUGHT @GoToMeeting what say u? #amazon #netflix #learningfromhome',b'hecatetigermoon',"['amazon', 'netflix', 'learningfromhome']",204
,,,,
15-04-2020 19:00,b'\xf0\x9f\x92\xb0NEW $30 Amazon Gift Card DOUBLE GIVEAWAY!\xf0\x9f\x92\xb0 2 Winners! + Pokemon Detective Pikachu Mewtwo GX Case File Opening! https://t.co/WXJMeHWORq  #Giveaway #Amazon #GiftCard #TheNerdRealm #KyleTheWander #Pokemon #YouTube #Subscribe',b'The_Nerd_Realm',"['Giveaway', 'Amazon', 'GiftCard', 'TheNerdRealm', 'KyleTheWander', 'Pokemon', 'YouTube', 'Subscribe']",589
,,,,
15-04-2020 18:59,"b'""Swift and compelling"" #KindleUnlimited #eBook on #AMAZON A high-voltage thriller will keep you at the edge of your seat and guessing until the very last page. Dangerous Behavior\xc2\xa0 by #Bestselling Author Walter Marks https://t.co/B3AyRUJ5We https://t.co/YZrI7H1lZS'",b'MoGalore',"['KindleUnlimited', 'eBook', 'AMAZON', 'Bestselling']",4442
,,,,
15-04-2020 18:58,b'Remember to be with loved ones Do anything for your love Anything...  Daisy \xe2\xad\x90\xe2\xad\x90\xe2\xad\x90\xe2\xad\x90\xe2\xad\x90  https://t.co/Mg8aWf6Gq6 On #Amazon\xf0\x9f\x93\x93 https://t.co/WEMXn9ZkDe  #amwriting #amdrawing #horror #betterbrainsbooks #BookBoost #ebook #bookstagram https://t.co/n9hNXmNEzc',b'BetterBrainsB',"['Amazon', 'amwriting', 'amdrawing', 'horror', 'betterbrainsbooks', 'BookBoost', 'ebook', 'bookstagram']",2290
,,,,
15-04-2020 18:57,b'LifeArt Blue Light Blocking Glasses https://t.co/aASGSW2jXQ #amazon #glasses #lifeart',b'ilovesavingsca',"['amazon', 'glasses', 'lifeart']",208
,,,,
15-04-2020 18:56,"b'I am spending my stimulus check on Amazon so that I can flip the bird to Trump. #stimuluscheck #1200bucks #amazon #shoppingspree #donaldtrump #trump #flipthebird #voteblue2020 @ Sunland-Tujunga, Los Angeles https://t.co/HvKbK6pJaS'",b'ambelamba',"['stimuluscheck', '1200bucks', 'amazon', 'shoppingspree', 'donaldtrump', 'trump', 'flipthebird', 'voteblue2020']",45
,,,,
15-04-2020 18:56,b'The joys of being a teacher I got my #StimulusChecks #CoronavirusLockdown #Quarantine #ShelterInPlace #StayHome #TikTok  looks like ima be doing #onlineshopping #amazon here I come. https://t.co/aSuf1FtVQx',b'MrWaWaGroesbeck',"['StimulusChecks', 'CoronavirusLockdown', 'Quarantine', 'ShelterInPlace', 'StayHome', 'TikTok', 'onlineshopping', 'amazon']",13
,,,,
15-04-2020 18:56,"b'Excited to share that we are giving away a home office makeover, let us make your workspace a coolspace! Use the code: AYRES when you enter. #IGEL #cloudworkspaces #citrix #vmware #microsoft #WVD #windowsvirtualdesktop  #amazon #wo\xe2\x80\xa6https://t.co/php2rqP9ol https://t.co/xzt0SU2MSw'",b'jedayres',"['IGEL', 'cloudworkspaces', 'citrix', 'vmware', 'microsoft', 'WVD', 'windowsvirtualdesktop', 'amazon', 'wo']",1699
,,,,
15-04-2020 18:55,b'Need something new to read? Preorder my self-help ebook about confidence and self-love now on Amazon https://t.co/m5MXqDqsi5 Please LIKE and SHARE for a love of books! \xf0\x9f\x93\x9a #reading #read #ebook #preorder #selfhelp #confidence #empowerment #selflove #selfcare #selfawareness #amazon https://t.co/1cmzWkatHC',b'writer_kirsten',"['reading', 'read', 'ebook', 'preorder', 'selfhelp', 'confidence', 'empowerment', 'selflove', 'selfcare', 'selfawareness', 'amazon']",1018
,,,,
15-04-2020 18:55,"b""This is why I don't buy from amazon. #Amazon https://t.co/qUXxAtDHib""",b'SteveKaye',['Amazon'],353
,,,,
15-04-2020 18:54,"b'This morning I completely cleared out my #Netflix #Hulu and #Amazon ques. Gonna watch stuff on a wimb instead feeling the pressure having things I ""need to watch"".'",b'SlymDayspring12',"['Netflix', 'Hulu', 'Amazon']",43
,,,,
15-04-2020 18:54,b'sue \xe2\x80\x93 Soft Toilet Paper \xe2\x80\x93 Double Rolls \xe2\x80\x93 8 Count \xe2\x80\x93 Septic Safe \xe2\x80\x93 Hypoallergenic https://t.co/uvfZhRfUx3 #amazon #bathroom-tissue #royale',b'ilovesavingsca',"['amazon', 'bathroom', 'royale']",208
,,,,
15-04-2020 18:54,"b""\xf0\x9f\x92\xb5\xf0\x9f\x92\xb0            #4k #Amazon  Fire #TV stick for $24.99!!                                     Use #PromoCode \xf0\x9f\x91\x89 4KFIRETV                      (not working for everyone- if it doesn't try from a new account  ) #Deal #ganga   https://t.co/uGn7yax3SA https://t.co/Nk3HzsCVFJ""",b'CoolDealCA',"['4k', 'Amazon', 'TV', 'PromoCode', 'Deal', 'ganga']",1073
,,,,
15-04-2020 18:53,b'DOWNCOOL Mattress Pad Protector Cover https://t.co/hxKAHflO3F #amazon #downcool #mattress-pad',b'ilovesavingsca',"['amazon', 'downcool', 'mattress']",208
,,,,
15-04-2020 18:53,b'@omgubuntu I saw this picture and thought #Ubuntu is now blue \xf0\x9f\x98\x86 There is no #Amazon icon in the dock. Did you finally remove that?',b'mirksch',"['Ubuntu', 'Amazon']",47
,,,,
15-04-2020 18:52,"b'""Because forever isn\'t really forever. But our love is."" #kindleunlimited #mustread #romance #amazon #bookquote https://t.co/McJGr8xGb4 https://t.co/NXknCA8eFr'",b'AuthorEllaMiles',"['kindleunlimited', 'mustread', 'romance', 'amazon', 'bookquote']",4543
,,,,
15-04-2020 18:51,b'Garage Lights Led Deformable Garage Ceiling Light 40W 4000LM Tribright Led https://t.co/ZBr8NBwLub #amazon #ceiling-light #garage-lights',b'ilovesavingsca',"['amazon', 'ceiling', 'garage']",208
,,,,
15-04-2020 18:51,b'#Amazon CEO #JeffBezos grows fortune by $24bn amid #coronavirus #pandemic https://t.co/isVnrkTZgZ #wealth #business',b'fortpapalia',"['Amazon', 'JeffBezos', 'coronavirus', 'pandemic', 'wealth', 'business']",1902
,,,,
15-04-2020 18:50,"b'24"" Full HD Ultra-Slim Monitor only $114!!  #freebies #deals #deal #moneysaver #greatdeal #steals #discount #sale #bargain #bargainhunter #bargainshopper #cheap #bestprice #Amazon  #Deals #giveaway #Deal #ganga   https://t.co/m03NLxcfbr https://t.co/5louFWOCT7'",b'CoolDealCA',"['freebies', 'deals', 'deal', 'moneysaver', 'greatdeal', 'steals', 'discount', 'sale', 'bargain', 'bargainhunter', 'bargainshopper', 'cheap', 'bestprice', 'Amazon', 'Deals', 'giveaway', 'Deal', 'ganga']",1073
,,,,
15-04-2020 18:50,"b'$1,200 Check Hitting?  Grab this #New  13in #Apple #MacBook Air only $999.99!!  #freebies #deals #deal #moneysaver #greatdeal #steals #discount #sale #bargain #bargainhunter #bargainshopper #cheap #bestprice #Amazon  #Deals #giveaway #Deal #ganga   https://t.co/aFG5pev9wl https://t.co/WoxhURcb93'",b'CoolDealCA',"['New', 'Apple', 'MacBook', 'freebies', 'deals', 'deal', 'moneysaver', 'greatdeal', 'steals', 'discount', 'sale', 'bargain', 'bargainhunter', 'bargainshopper', 'cheap', 'bestprice', 'Amazon', 'Deals', 'giveaway', 'Deal', 'ganga']",1073
,,,,
15-04-2020 18:50,"b""Enter the #giveaway to #win $15 worth of books from #Amazon or Book Depository at All the Ups and Downs' blog. https://t.co/diMvLIqex0""",b'angels_gp',"['giveaway', 'win', 'Amazon']",2396
,,,,
15-04-2020 18:49,"b'NATURE SOUNDS 4 CD Set - Ocean Waves, Forest Sounds, Thunder, Nature... https://t.co/pglEKbVZ5J #Amazon'",b'freedom2debate',['Amazon'],2352
,,,,
15-04-2020 18:49,b'\xf0\x9f\x99\x8b\xf0\x9f\x8f\xbe\xe2\x80\x8d\xe2\x99\x80\xef\xb8\x8f#QuarantineLife Playlist \xe2\x99\xab \xe2\x98\x86\xe2\x98\x86 LIL MIKE &amp; FUNNYBONE \xe2\x98\x86\xe2\x98\x86 #NowPlaying #CHH #HitMusicOnly #Spotify https://t.co/DgVTHI0IJs #Amazon https://t.co/LKDPDZ8XRn #SoundCloud: https://t.co/Lj4QVFumNL Download &amp; Order CDs here: https://t.co/8CGF6sHF9t \xf0\x9f\x92\xaf#MikeBoneNation \xf0\x9f\xa4\x99\xf0\x9f\x8f\xbe https://t.co/vpjUOZCBXO',b'RoknRob121',"['QuarantineLife', 'NowPlaying', 'CHH', 'HitMusicOnly', 'Spotify', 'Amazon', 'SoundCloud', 'MikeBoneNation']",3563
,,,,
15-04-2020 18:48,"b'The Negro Leagues Book: Volume 2: The Players, 1862 - 1960 https://t.co/lCQJ7ZPmyg #Amazon'",b'LeonDayPark',['Amazon'],813
,,,,
15-04-2020 18:48,"b'The Negro Leagues Book: Volume 2: The Players, 1862 - 1960 https://t.co/eL07Nkz6Ec #Amazon'",b'tafkam08',['Amazon'],4180
,,,,
15-04-2020 18:48,b'LT. JAKE GILLEN &amp; LIFE GOES ON https://t.co/LTrLGIAYbl AUTHOR LORI YANEY #Books #IARTG #Kindle #Amazon #ReadIndie #indieauthors #ian1 #bookboost #Authors @rcarter67606 @JPCarter47  @MomGr8 https://t.co/nBnVdQ5M2D',b'INDIEBOOKSOURCE',"['Books', 'IARTG', 'Kindle', 'Amazon', 'ReadIndie', 'indieauthors', 'ian1', 'bookboost', 'Authors']",10277
,,,,
15-04-2020 18:47,"b'get free #CMEs &amp; #rewards points 4 #referrals...get #Amazon gift dollars! The ONLY site that ""pays"" u for CMEs! ==&gt; https://t.co/0tb03JW9eG'",b'JofsonGarnett',"['CMEs', 'rewards', 'referrals', 'Amazon']",985
,,,,
15-04-2020 18:47,"b""@SteelSeries @SteelSeriesDE  I'm still waiting...  #needthisnow #steelseries #amazon https://t.co/8LKE8pGFrn""",b'iamweke',"['needthisnow', 'steelseries', 'amazon']",2
,,,,
15-04-2020 18:46,"b'#Amazon to add 75,000 jobs as online orders surge during lockdowns | Article [AMP] | Reuters https://t.co/lfoc2yc1rM'",b'TheCommercialRE',['Amazon'],796
,,,,
15-04-2020 18:46,"b'New gift idea (8PCS Premium Microfiber Cloth - Lint Free-Micro Fibers Towels for House, Kitchen, Car, ...) has been published on G ... - https://t.co/XZdleXH5yx #Monday #Tuesday #Wednesday #Thursday #Firday #Saturday #Sunday #amazon #gift #shopping #discount #follow #UnitedStates https://t.co/MQmA9fqlOe'",b'websmenu',"['Monday', 'Tuesday', 'Wednesday', 'Thursday', 'Firday', 'Saturday', 'Sunday', 'amazon', 'gift', 'shopping', 'discount', 'follow', 'UnitedStates']",1327
,,,,
15-04-2020 18:45,b'#ThirdFalcon #Amazon in when an goes https://t.co/unii503Olw https://t.co/NN42exVffx',b'MaiSutherland',"['ThirdFalcon', 'Amazon']",2051
,,,,
15-04-2020 18:45,b'#Pentagon investigation on the #JEDI Cloud Project awarded to #Microsoft after #Trump targeted #Amazon reveals multiple #ethics violations and refusal by Defense Counsel to let officials comment on communications with the White House  https://t.co/qUxCNt98A2 via @Nextgov #fraud',b'carlhammersburg',"['Pentagon', 'JEDI', 'Microsoft', 'Trump', 'Amazon', 'ethics', 'fraud']",439
,,,,
15-04-2020 18:45,b'The Allure of An Inconvenient Love: (Maktub Book 3) By: @KristelRalston   Pre-order via #Amazon: \xe2\x9e\x9chttps://t.co/t0qC4RgaQ8  Live: July 27 2020.  #NewRelease #sweetromance #amreading #RomanceReaders #romancenovels #readingcommunity #ContemporaryRomance #RomanceOutNow #ebook https://t.co/GssjW6k9JC',b'SolTaylorRdL',"['Amazon', 'NewRelease', 'sweetromance', 'amreading', 'RomanceReaders', 'romancenovels', 'readingcommunity', 'ContemporaryRomance', 'RomanceOutNow', 'ebook']",15832
,,,,
15-04-2020 18:44,"b'In 2020, #Amazon spending increased. Learn about the #Amazon Super Spender, and Millennial and Gen Z preferences, devices and spending habits here: https://t.co/xqJmvjTorM'",b'hgrutter',"['Amazon', 'Amazon']",79
,,,,
15-04-2020 18:43,"b'Our #Amazon store front is up! Check out new and #bestselling titles, books on #popularphysics, grant and research #writingguides, and more! https://t.co/Dm1QE0kyk3 https://t.co/zOd74LgfiM'",b'worldscientific',"['Amazon', 'bestselling', 'popularphysics', 'writingguides']",2221
,,,,
15-04-2020 18:43,b'Wooden Grandfather Clock with swinging pendulum You Love to Give as a Birthday gift. https://t.co/Vk1AKi1m7q   #Amazon #AmazonPrime #clock #clocks #homedecor #gift',b'vmarketingsite',"['Amazon', 'AmazonPrime', 'clock', 'clocks', 'homedecor', 'gift']",3693
,,,,
15-04-2020 18:43,b'Check out this #Amazon Bestseller - Apple iPhone 6s 64 GB UK SIM-Free Smartphone - Rose Gol for \xc2\xa3169.95 https://t.co/IrapGXID4m https://t.co/FSaaxJxwrV',b'AppDropped_UK',['Amazon'],668
,,,,
15-04-2020 18:42,b'Friendly reminder to those #workingfromhome doing video conferences from your bedroom:  You may want to cover the webcam during off hours before hackers find it &amp; turn it on.  This single gal uses black post-its (name brand or otherwise) https://t.co/ULqRF0wOpK #Amazon',b'salFreeApps',"['workingfromhome', 'Amazon']",169
,,,,
15-04-2020 18:42,b'Classic 12 Inch Wall clock makes an excellent addition to your dining room!  https://t.co/0f1e350mSz   #Amazon #AmazonPrime #clock #clocks #homedecor #gift',b'vmarketingsite',"['Amazon', 'AmazonPrime', 'clock', 'clocks', 'homedecor', 'gift']",3693
,,,,
15-04-2020 18:42,"b'Jeff Bezos\xe2\x80\x99s wealth has grown by 20%, or 24 billion dollars, so far during the pandemic due to #Amazon sales https://t.co/KYK5wiP6X2'",b'emmaclancy123',['Amazon'],2464
,,,,
15-04-2020 18:41,b'The full series of the epic #fantasy #adventure Truth Teller is now available on #Amazon in one bumper edition. https://t.co/LIodJdzRhD Book one is #FREE - https://t.co/HsHvwRtuih - Give it a try! Remind yourself why you fell in love with books in the first place! #amreading https://t.co/YFOzX1VbFH',b'emailmanROCKS',"['fantasy', 'adventure', 'Amazon', 'FREE', 'amreading']",15212
,,,,
15-04-2020 18:40,"b'Mpow H7 Bluetooth Headphones Over-Ear, 25h Playtime, CVC 6.0 with Microphone https://t.co/Qiqj8YVbIP #amazon #bluetooth #headphones'",b'ilovesavingsca',"['amazon', 'bluetooth', 'headphones']",208
,,,,
15-04-2020 18:40,"b""Love Fantasy &amp; SciFi? #Win a $100 #Amazon #GiftCard in this month's mega #BookBub #Giveaway via @sffbookbonanza: https://t.co/7iK5ORsUn7""",b'carlajbanks',"['Win', 'Amazon', 'GiftCard', 'BookBub', 'Giveaway']",59
,,,,
15-04-2020 18:40,b'Amazon fucks up and I have to wait 3 weeks to get something I should of had last week. #Amazon',b'ishahleon',['Amazon'],63
,,,,
15-04-2020 18:40,"b""Why isn't corporate America stepping up to shield their employees and customers? Home Depot? Amazon? @HomeDepot #Amazon @JeffBezos #HomeDepot #facemasks #ProtectEmployees #COVID19""",b'surprisendelite',"['Amazon', 'HomeDepot', 'facemasks', 'ProtectEmployees', 'COVID19']",79
,,,,
15-04-2020 18:40,"b'Amazon Slaps Affiliates: ""You\'ve Prepared for This...RIGHT?"" https://t.co/P8XNLmMlcR #amazon #amazonaffiliates #thebizcrush #KennethHolland https://t.co/or15FtocQE'",b'KennethHolland',"['amazon', 'amazonaffiliates', 'thebizcrush', 'KennethHolland']",20107
,,,,
15-04-2020 18:39,"b'haha @amazon #amazon will sell you dumb every day shit with normal delivery times, but power tools and shit are on ""extended delivery""  with shipping going into May even though essential jobs may rely on them  LMAO\xf0\x9f\x99\x84'",b'MAPSForBiden',['amazon'],131
,,,,
15-04-2020 18:38,"b""Every time I hear the name of @JeffBezos, I'm reminded of zero hour contracts and poor working conditions much like he's running a chain of 21st Century Work Houses. \xf0\x9f\x98\x92  #JeffBezos #Amazon #COVID19 https://t.co/maFfX603jv""",b'TheStephenRalph',"['JeffBezos', 'Amazon', 'COVID19']",15071
,,,,
15-04-2020 18:38,"b""Is it just me, or is #Amazon shipping logistics falling apart during #Covid_19 ? Lost packages. Unavailable tracking numbers. Fluid expected by dates. On the way, but it's running late messages. Inaccurate delivery confirmations. I feel like I'm playing a slot machine when I buy.""",b'tpntweet',"['Amazon', 'Covid_19']",191
,,,,
15-04-2020 18:38,b'Apple AirPods Pro The Wireless Charging Case delivers more than 24 hours of battery life  https://t.co/6tJr6izyiM  #HappyWednesday #AllTogetherNow #COVID19 #Apple #AppleSE2 #StayHome #Amazon Affiliate',b'marvin390',"['HappyWednesday', 'AllTogetherNow', 'COVID19', 'Apple', 'AppleSE2', 'StayHome', 'Amazon']",1439
,,,,
15-04-2020 18:38,"b""With exceptions like parrots, #NoOneReallyBelieves animals talk, but don't let that stop you from enjoying my books and leaving each your #review.\xf0\x9f\x90\xa2\xf0\x9f\x90\x9f\xf0\x9f\xa6\x80\xf0\x9f\x8e\x90\xf0\x9f\xa6\x88\xf0\x9f\xa6\x8e\xf0\x9f\x8c\xba\xf0\x9f\x90\xb5\xf0\x9f\xa6\x8d\xf0\x9f\xa6\x89\xf0\x9f\x90\x98\xf0\x9f\xa6\x8f\xf0\x9f\xa6\x81\xf0\x9f\x90\x86\xf0\x9f\x90\x81\xe2\x99\xa5\xef\xb8\x8f\xf0\x9f\x93\x97\xf0\x9f\x93\x98\xf0\x9f\x93\x92\xf0\x9f\x93\xb2\xf0\x9f\xa6\x9c https://t.co/gbHaLURNW3 #childrensbooks #parents #children #amazon #kindle https://t.co/MJFPjOq0wy""",b'JDParsonsAuthor',"['NoOneReallyBelieves', 'review', 'childrensbooks', 'parents', 'children', 'amazon', 'kindle']",4825
,,,,
15-04-2020 18:38,"b'Buy ticket to win a US$100 gift card   Open the payment address, enter your email and your name with you lucky number (from 1 to 69) example: #JohnMcAfee - 19 If you win you can choose #amazon #ebay  #starbucks etc  https://t.co/7pik5ufR4b Draw date : April 15, 2020 -11pm https://t.co/riSPCnhx95'",b'OnlyWithCrypto',"['JohnMcAfee', 'amazon', 'ebay', 'starbucks']",40
,,,,
15-04-2020 18:37,"b'""Chambers handles the narrative with verve"" 5 star #bookreview for book 3 in the Truth Teller series, Favian\'s Law.  https://t.co/69Jvihqd2j \xe2\x80\xa6  #fantasy #indiechat #amwriting Available in all major book stores. #Amazon https://t.co/yPAtIDNPNX #Smashwords https://t.co/MrYDLGt1xu https://t.co/qdEt7TfQ8N'",b'emailmanROCKS',"['bookreview', 'fantasy', 'indiechat', 'amwriting', 'Amazon', 'Smashwords']",15212
,,,,
15-04-2020 18:37,"b""30 Bible Stories that are just the right length for young readers. Pick it up from Amazon today! #Storyteller #Stories #God #book #christian #Bible #Jesus #Reading #StoryTime #amazon #Read #Readers Quarantine  Here's where to purchase it:  https://t.co/Eg8UNPc1oy https://t.co/0mkVl1Dhjk""",b'writingforkidz',"['Storyteller', 'Stories', 'God', 'book', 'christian', 'Bible', 'Jesus', 'Reading', 'StoryTime', 'amazon', 'Read', 'Readers']",1663
,,,,
15-04-2020 18:36,b'Why not pick up some Bible Stories while staying home with your kids? #Christian #Children #Book #Amazon #Jesus #read #reading #readers #BibleStories #God #Book #christian Here\xe2\x80\x99s where to find them: https://t.co/efpCnOAn9t https://t.co/TnicRZvkPA',b'writingforkidz',"['Christian', 'Children', 'Book', 'Amazon', 'Jesus', 'read', 'reading', 'readers', 'BibleStories', 'God', 'Book', 'christian']",1663
,,,,
15-04-2020 18:36,b'Apple Clear Case (for iPhone 11 Pro) Made from a blend of optically clear polycarbonate and flexible  https://t.co/DjsnZyvhWM  #HappyWednesday #AllTogetherNow #COVID19 #Apple #AppleSE2 #StayHome #Amazon Affiliate',b'marvin390',"['HappyWednesday', 'AllTogetherNow', 'COVID19', 'Apple', 'AppleSE2', 'StayHome', 'Amazon']",1439
,,,,
15-04-2020 18:36,"b""Unless it's a copy of my book \xf0\x9f\x93\x96 \xf0\x9f\x98\x82\xf0\x9f\xa4\xa3 then it's a green light \xf0\x9f\x9a\xa6#john_fifteen_thirteen_book #john_fifteen_thirteen #johncassel #johnfifteenthirteen #amazonbooks  #kindlebooks #amazon #kindle https://t.co/MQvPP5i3L7""",b'CasselNicholas',"['john_fifteen_thirteen_book', 'john_fifteen_thirteen', 'johncassel', 'johnfifteenthirteen', 'amazonbooks', 'kindlebooks', 'amazon', 'kindle']",251
,,,,
15-04-2020 18:36,b'https://t.co/qHFe0fAcwB #coronavirus Unbelievable: #Amazon CEO gains $24bn while many parts of the world suffer. He now owns $138bn!! How much tax is Amazon paying worldwide? How are the average workers treated? How are they protected against #COVID19?',b'MarnixtenN',"['coronavirus', 'Amazon', 'COVID19']",25
,,,,
15-04-2020 18:36,b'#Winter #Amazon #Prime returns to from He must his from raiding https://t.co/AXd36qWOeZ https://t.co/hS7BvvUNTY',b'palmtreefilm',"['Winter', 'Amazon', 'Prime']",985
,,,,
15-04-2020 18:35,b'How to Score deeply discounted #amazon products and #EarnMoney -No need to leave reviews! #vipon #freeproducts #freeproductsonamazon  #ad Sign up here for FREE: https://t.co/wvbkh8DHrF',b'ladyboarder9669',"['amazon', 'EarnMoney', 'vipon', 'freeproducts', 'freeproductsonamazon', 'ad']",16556
,,,,
15-04-2020 18:35,b'Highly Rated NICETOWN Blackout Curtains only $19.49!! (Retail: $43.73)  #freebies #deals #deal #moneysaver #greatdeal #steals #discount #sale #bargain #bargainshopper #cheap #bestprice #Amazon  #Deals #giveaway #Deal #ganga   https://t.co/oc0Lt3oh2j https://t.co/dLziI7a3yN',b'CoolDealCA',"['freebies', 'deals', 'deal', 'moneysaver', 'greatdeal', 'steals', 'discount', 'sale', 'bargain', 'bargainshopper', 'cheap', 'bestprice', 'Amazon', 'Deals', 'giveaway', 'Deal', 'ganga']",1073
,,,,
15-04-2020 18:35,b'France to Amazon: Ship only essentials in 24 hours or pay 1 million euros per day https://t.co/Z363SGaO3a #Companies https://t.co/eQQT8822Zi #France #to #Amazon #zamjenska #Ship #only #essentials #in #24 #hours #or #pay #1 #million #euros #per #day #  606',b'poandpo',"['Companies', 'France', 'to', 'Amazon', 'zamjenska', 'Ship', 'only', 'essentials', 'in', 'hours', 'or', 'pay', 'million', 'euros', 'per', 'day']",3482
,,,,
15-04-2020 18:35,b'Hair Straightener Twist 2-in-1 Hair Curlers &amp; Straightening Iron https://t.co/cefm77WECh #amazon #hair-curlers',b'ilovesavingsca',"['amazon', 'hair']",208
,,,,
15-04-2020 18:34,b'Check out our FB page for tips/advice for selling in Amazon Japan  #SellingInJapan #ecommerce #amazon #tips #advice https://t.co/4rCfbj71h4',b'RisingSunComm',"['SellingInJapan', 'ecommerce', 'amazon', 'tips', 'advice']",354
,,,,
15-04-2020 18:34,"b'Amazon liste The Last of Us 2, Uncharted ou encore Days Gone pour une sortie PC https://t.co/CFoT1ekILv #Amazon #TheLastofUsPartII #DaysGone #Uncharted'",b'Gamersblog01',"['Amazon', 'TheLastofUsPartII', 'DaysGone', 'Uncharted']",3701
,,,,
15-04-2020 18:34,b'Pentagon Watchdog Clears Microsoft\xe2\x80\x99s Cloud Win Over Amazon - https://t.co/Aa2Bfv6Wnl #Azure #Microsoft #Cloud #JEDI #10B #AWS #Amazon https://t.co/6nKqpPw3Rq',b'AdinErmie',"['Azure', 'Microsoft', 'Cloud', 'JEDI', '10B', 'AWS', 'Amazon']",1002
,,,,
15-04-2020 18:34,"b'Apple iPhone 7, 32GB, Gold - Fully Unlocked (Renewed) Fully unlocked and compatible with any carrier   https://t.co/8oLNpbchVf  #HappyWednesday #AllTogetherNow #COVID19 #Apple #AppleSE2 #StayHome #Amazon Affiliate'",b'marvin390',"['HappyWednesday', 'AllTogetherNow', 'COVID19', 'Apple', 'AppleSE2', 'StayHome', 'Amazon']",1439
,,,,
15-04-2020 18:33,b'Wireless Earbuds Bluetooth Headset 3D Stereo Noise Cancelling https://t.co/Rnycqy0tRl #amazon #bluetooth #earbuds',b'ilovesavingsca',"['amazon', 'bluetooth', 'earbuds']",208
,,,,
15-04-2020 18:33,"b""The #epic #fantasy Truth Teller is #FREE for EVERYONE! Yes, FREE FREE FREE! Not only is it FREE, it's #AWESOME. Check out the reviews. You can download it ANYWHERE in ANY format. What could possibly go wrong? #Amazon https://t.co/HsHvwRtuih #Smashwords https://t.co/QIXL2O2mwe #MG https://t.co/sddAX8CzPT""",b'emailmanROCKS',"['epic', 'fantasy', 'FREE', 'AWESOME', 'Amazon', 'Smashwords', 'MG']",15212
,,,,
15-04-2020 18:33,b'\xf0\x9f\x94\xa5 #Go #Amazon Amazon Studios Names Christian Davin Head Of Global Movie Marketing \xe2\x80\x93 Deadline https://t.co/FnEZdNGlfH',b'celebritykimdot',"['Go', 'Amazon']",35795
,,,,
15-04-2020 18:32,"b'Apple iPhone XS Max, 256GB, Gold - Fully Unlocked (Renewed) Product works and looks like new.  https://t.co/KKe4bC0aTU  #HappyWednesday #AllTogetherNow #COVID19 #Apple #AppleSE2 #StayHome #Amazon Affiliate'",b'marvin390',"['HappyWednesday', 'AllTogetherNow', 'COVID19', 'Apple', 'AppleSE2', 'StayHome', 'Amazon']",1439
,,,,
15-04-2020 18:32,"b""One's loss is another's gain! Hope they are taking care of their employee's safety, though.  #Amazon  #usaCoronavirus  #USJobs  #coronavirus https://t.co/mhIWDaQBo2""",b'doshi_rishita',"['Amazon', 'usaCoronavirus', 'USJobs', 'coronavirus']",16
,,,,
15-04-2020 18:32,"b'Hello,  Are you looking for a custom logo design/Busines card, flyer/envelope/letterhead, etc for your business? I am here to help you! Order now here - https://t.co/pDCVY2VUsv #logo #logodesign #FiverrGigs #Fiverr #customlogo #Amazon #usa #Trump #logotype #businesslogo'",b'kamrulk63163541',"['logo', 'logodesign', 'FiverrGigs', 'Fiverr', 'customlogo', 'Amazon', 'usa', 'Trump', 'logotype', 'businesslogo']",272
,,,,
15-04-2020 18:31,b'Just saw this on #Amazon: Amazon #eGift Card - Birthday Cupcakes by Amazon for $50.00 https://t.co/QnV1wHaWRT via @amazon',b'planetgoldilock',"['Amazon', 'eGift']",8650
,,,,
15-04-2020 18:31,b'Stylish Grandfather Wall Clock That Chimes Makes A great birthday gift idea.\xf0\x9f\x99\x82  https://t.co/FXlS8Qf4ZC   #Amazon #AmazonPrime #clock #clocks #homedecor #gift',b'vmarketingsite',"['Amazon', 'AmazonPrime', 'clock', 'clocks', 'homedecor', 'gift']",3693
,,,,
15-04-2020 18:31,"b""\xf0\x9f\x92\xb2\xf0\x9f\x92\xb0 $5 #Amazon  Digital HD: It's A W... #New  price $5.00  # #Deals #new #Deals #Discounts #Deal #ganga   https://t.co/uSOlEnQ9bp https://t.co/51WiunTbbd""",b'CoolDealCA',"['Amazon', 'New', 'Deals', 'new', 'Deals', 'Discounts', 'Deal', 'ganga']",1073
,,,,
15-04-2020 18:30,b'Amazon Stock Approaches Record High as Bezos Goes on Epic Hiring Spree. Talk About Firepower! - Udhaya vendhan Karunanithi  #Coronavirus #StockMarketCrash2020 #Amazon #Hiring #500mnPayrise #Grocery #AmazonPrime #WallStreet  #Leadership #Vision #Execution #Success #ConquerEveryday https://t.co/HwwQk1NKly',b'CEOuday',"['Coronavirus', 'StockMarketCrash2020', 'Amazon', 'Hiring', '500mnPayrise', 'Grocery', 'AmazonPrime', 'WallStreet', 'Leadership', 'Vision', 'Execution', 'Success', 'ConquerEveryday']",44
,,,,
15-04-2020 18:30,b'Unisex Blue Light Blocking Glasses 3-PACK for $16.98!!  #freebies #deals #deal #moneysaver #greatdeal #steals #discount #sale #bargain #bargainhunter #bargainshopper #cheap #bestprice #Amazon  #Deals #giveaway #Deal #ganga   https://t.co/yvmCVH3rxB https://t.co/vKa9gtCozG',b'CoolDealCA',"['freebies', 'deals', 'deal', 'moneysaver', 'greatdeal', 'steals', 'discount', 'sale', 'bargain', 'bargainhunter', 'bargainshopper', 'cheap', 'bestprice', 'Amazon', 'Deals', 'giveaway', 'Deal', 'ganga']",1073
,,,,
15-04-2020 18:30,b'Best Selling 15LB Weighted Blanket for $29.99!! (Retail: $149.99)  #freebies #deals #deal #moneysaver #greatdeal #steals #discount #sale #bargain #bargainshopper #cheap #bestprice #Amazon  #Deals #giveaway #Deal #ganga   https://t.co/mDAoK2D14S https://t.co/Et4jFgrfgs',b'CoolDealCA',"['freebies', 'deals', 'deal', 'moneysaver', 'greatdeal', 'steals', 'discount', 'sale', 'bargain', 'bargainshopper', 'cheap', 'bestprice', 'Amazon', 'Deals', 'giveaway', 'Deal', 'ganga']",1073
,,,,
15-04-2020 18:30,b'Best Selling Indoor 1080p Home #Camera for $22.99!! (Retail: $30.99)  #freebies #deals #deal #moneysaver #greatdeal #steals #discount #sale #bargain #bargainhunter #bargainshopper #cheap #bestprice #Amazon  #Deals #giveaway #Deal #ganga   https://t.co/sjYMEfHsX5 https://t.co/sxKSZ6Z21R',b'CoolDealCA',"['Camera', 'freebies', 'deals', 'deal', 'moneysaver', 'greatdeal', 'steals', 'discount', 'sale', 'bargain', 'bargainhunter', 'bargainshopper', 'cheap', 'bestprice', 'Amazon', 'Deals', 'giveaway', 'Deal', 'ganga']",1073
,,,,
15-04-2020 18:30,b'@realDonaldTrump @AOC #Retail sales for March down 9%! #Amazon pushing record highs @ over $2300/share. What\xe2\x80\x99s the point of stimulus for small business if #Amzn is left to crush Main St? https://t.co/IqxPx3IrKz',b'XchangePolicy',"['Retail', 'Amazon', 'Amzn']",2
