,tweet_text,date,hashtags,link
0,"Hi @amazonDE, kurze Nachfrage: wann plant ihr flächendeckend #AmazonLocker in den Städten und Gemeinden westlich der A44 und A61 bzw. nördlich und südlich der A52 in dem Gebiet, wie etwa Viersen, Schwalmtal oder Niederkrüchten? Merci!",2019-12-31 18:20:05+00:00,#AmazonLocker,https://twitter.com/ape_astronaut/status/1212075971295232000
1,Quand tu découvres le colis de ton Nikon Z6 vide dans un #Amazon #AmazonLocker #VDM la veille de Noël !! #AmazonPrime et que tu auras la réponse de l’enquête vendredi !!,2019-12-23 21:25:53+00:00,#Amazon #AmazonLocker #VDM #AmazonPrime,https://twitter.com/jeremysanglier/status/1209223627868180491
2,Entro il 2020 saranno 100 gli #AmazonLocker presenti nelle stazioni di Ferrovienord Inaugurata quella di #cadorna #ecommerce #amazon #innovazione,2019-12-20 15:07:16+00:00,#AmazonLocker #cadorna #ecommerce #amazon #innovazione,https://twitter.com/jusan_network/status/1208041181180858368
3,"Don't forget we have an #amazonlocker in store, so you don't have to miss any of your Christmas deliveries #christmaspresents #christmasdeliveries",2019-12-20 12:21:01+00:00,#amazonlocker #christmaspresents #christmasdeliveries,https://twitter.com/shltd36/status/1207999341828415490
4,"I had a package ship via #lasership @amazon a week late; I requested a refund, then I got a text that it was available at my #AmazonLocker ",2019-12-15 05:13:34+00:00,#lasership #AmazonLocker,https://twitter.com/amy_grech/status/1206079833337454593
5,Colorado mom lets porch pirates take out her trash with decoy packages: 'They deserve it' For God sakes have the packages sent to an amazon locker they are everywhere! Or a POB. Then they won’t get stolen #AmazonLocker ,2019-12-13 11:19:58+00:00,#AmazonLocker,https://twitter.com/OpenUpTheUSANOW/status/1205447261943033856
6,بالاخره یکی انجامش داد. #SmartLockers #AmazonLocker ,2019-12-10 04:20:34+00:00,#SmartLockers #AmazonLocker,https://twitter.com/amirtaqiabadi/status/1204254556017897473
7,"@JonnyGators .. I meant to add .. last week, I was going to ship to a local #AmazonLocker .. but the locker was full! #CantWinforLosing",2019-12-10 04:09:09+00:00,#AmazonLocker #CantWinforLosing,https://twitter.com/BrianBlues/status/1204251682751729664
8,"Utilizzo #Amazon almeno 2 volte al mese ormai, sopratutto da quando sono disponibili in giro per le nostre città gli #AmazonLocker; gli armadietti gialli che ti danno la possibilità di ritirare gli acquisti per chi non ha la possibilità di ricevere i pacchetti a casa. #petrolio",2019-12-06 21:10:25+00:00,#Amazon #AmazonLocker #petrolio,https://twitter.com/_johnny94_/status/1203059139846512642
9,Used Amazon Locker for the first time today - very handy #amazonlocker @Hook Village https://www.instagram.com/p/B5vIKjYh1bI9RjQ_f5BgU5pm-lVttUWDmAsiqQ0/?igshid=14ay1vnus52w0,2019-12-06 15:41:25+00:00,#amazonlocker,https://twitter.com/SimonBuxey/status/1202976344839245825
10,Soy súper fan del @amazon locker #amazonlocker eso de saber que puedes ir a recoger tu paquete las 24 horas del@día es una gozada! ,2019-12-05 15:41:09+00:00,#amazonlocker,https://twitter.com/isaacfotografia/status/1202613889357225984
11,Don't forget we have an amazon locker in store - never miss your orders again. #amazonlocker #amazon #amazondelivery,2019-12-04 18:00:20+00:00,#amazonlocker #amazon #amazondelivery,https://twitter.com/shltd36/status/1202286527495192577
12,I bambini dell’ospedale San Bortolo di Vicenza avranno il loro calendario dell’avvento grazie ad un #AmazonLocker speciale. #DeliveringSmiles,2019-12-04 17:04:37+00:00,#AmazonLocker #DeliveringSmiles,https://twitter.com/Marseglia/status/1202272505374920704
13,"Du 1er au 24 décembre, @funradio_fr, @AmazonNewsFR et @InitiativeWW couvrent les auditeurs de cadeaux ! Un #AmazonLocker transformé en #CalendrierdeLavent géant est installé dans les locaux de la station et chaque jour, une dotation est mise en jeu http://bit.ly/AmazonLockerM6",2019-12-04 15:55:30+00:00,#AmazonLocker #CalendrierdeLavent,https://twitter.com/m6publicite/status/1202255111990521856
14,Are you out and about all day? Why not make your Christmas shopping a whole lot easier and collect your parcels from our #AmazonLocker See more here: http://bit.ly/2WXaAut,2019-12-04 11:57:09+00:00,#AmazonLocker,https://twitter.com/StJohnsShopping/status/1202195130536669185
15,"MXP3, Amazon | prima il dovere... poi il piacere #paolomartinezphotography #deliveringsmiles #amazon #amazonlocker @Amazon Vercelli https://www.instagram.com/p/B5nXzRLoepE/?igshid=1lsj83gobj5lf",2019-12-03 15:24:10+00:00,#paolomartinezphotography #deliveringsmiles #amazon #amazonlocker,https://twitter.com/paoloramella/status/1201884842083803138
16,Metro Ligero Oeste incorpora una taquilla de autoservicio de Amazon en la estación de Aravaca https://www.vialibre.org/noticias.asp?not=28576&amp;cs=oper @Renfe @CercaniasMadrid @MLOeste #ML2 #ML3 @amazon #AmazonLocker ,2019-12-03 08:21:54+00:00,#ML2 #ML3 #AmazonLocker,https://twitter.com/RevistaViaLibre/status/1201778573394268165
17, Bankacılık ve ödeme teknolojilerinde haftanın 5+1 önemli gelişmesi #YüzTanima #OrtakQRKod #Discover #Paypal #Vitality #AmEx #AmazonLocker #CBA #bunq #GreenCard Medium https://medium.com/@hotan/bankac&#x131;l&#x131;k-ve-&#xF6;deme-teknolojilerinde-haftan&#x131;n-&#xF6;ne-&#xE7;&#x131;kan-5-1-geli&#x15F;mesi-2370771a4f13 LinkedIn https://www.linkedin.com/pulse/bankac%C4%B1l%C4%B1k-ve-%C3%B6deme-teknolojilerinde-haftan%C4%B1n-%C3%B6ne-%C3%A7%C4%B1kan-okan-yildiz-8e,2019-12-02 10:50:11+00:00,#Y #OrtakQRKod #Discover #Paypal #Vitality #AmEx #AmazonLocker #CBA #bunq #GreenCard,https://twitter.com/okan_yildiz/status/1201453501311856641
18,"Today is CYBER MONDAY! Don't forget you can order your amazon parcels to our amazon locker, BRISBANE! You'll find me inside the centre opposite Costa Coffee. #shopdineenjoy #amazonlocker #clickandcollect",2019-12-02 07:27:00+00:00,#shopdineenjoy #amazonlocker #clickandcollect,https://twitter.com/HempsteadValley/status/1201402368123981824
19,Metro Ligero Oeste incorpora un “Amazon Locker” en la estación de Aravaca #Madrid #Aravaca #AmazonLocker @MLOeste,2019-12-01 12:08:35+00:00,#Madrid #Aravaca #AmazonLocker,https://twitter.com/Gacetinmadrid/status/1201110842755964928
20,"Hey @AmazonUK &amp; @InPostUK Your #AmazonLocker at Barry @Morrisons isn’t working! I just tried to help an elderly couple but there’s a fault, it thinks they want to deposit a parcel! Can you help? It’s something medical &amp; he needs it tonight!! Is there a number he can call? #Amazon",2019-11-28 19:17:18+00:00,#AmazonLocker #Amazon,https://twitter.com/jessywillow1/status/1200131569878491136
21,Taanntooo tempo fa. Risolto con i santi #amazonlocker comunque ,2019-11-28 09:32:38+00:00,#amazonlocker,https://twitter.com/CjHellectric/status/1199984435472584705
22,#amazon #amazonlocker #pammachio #metropolitaneo #urbanstyle #urban #night #nightphotography #instamazon #instagram #instagrammer #instagood #instapic #instadaily #codroipo #igersfriuli #picoftheday @Codroipo https://www.instagram.com/p/B5YXtrBowLL/?igshid=5vi4bm4gaoh1,2019-11-27 19:34:49+00:00,#amazon #amazonlocker #pammachio #metropolitaneo #urbanstyle #urban #night #nightphotography #instamazon #instagram #instagrammer #instagood #instapic #instadaily #codroipo #igersfriuli #picoftheday,https://twitter.com/edgyken/status/1199773591291781127
23,"[#CaBougeEnGare] Réceptionner son colis en journée ? C'est un casse-tête pour bon nombre d'entre nous ! D'où le service #AmazonLocker en gare. Vos derniers achats sont disponibles à la sortie du #TER, sans détour. Ce mois-ci, c'est la gare des #Sables qui en est dotée.",2019-11-26 17:05:42+00:00,#CaBougeEnGare #AmazonLocker #TER #Sables,https://twitter.com/TERPays2LaLoire/status/1199373675209908226
24,La semplicità degli #AmazonLocker è disarmante.,2019-11-25 18:57:45+00:00,#AmazonLocker,https://twitter.com/PedioUichi/status/1199039487634006018
25,Hello my name is brisbane and I'm your Amazon locker at Hempstead Valley! You'll find me inside the centre opposite Costa Coffee. #shopdineenjoy #amazonlocker #clickandcollect,2019-11-25 12:23:00+00:00,#shopdineenjoy #amazonlocker #clickandcollect,https://twitter.com/HempsteadValley/status/1198940144218230784
26,Always on the move and away from home? Pick up your parcels in your own time using our #AmazonLocker See more here: https://bit.ly/2XiZhx9,2019-11-22 11:30:03+00:00,#AmazonLocker,https://twitter.com/StJohnsShopping/status/1197839655263252485
27,Don't forget we have an amazon locker in store - never miss your orders again. #amazonlocker #amazon #amazondelivery,2019-11-19 16:02:52+00:00,#amazonlocker #amazon #amazondelivery,https://twitter.com/shltd36/status/1196821148702519297
28,My favourite feature of @AmazonUK lockers is the tactile feedback you get when the compartment door automatically swings open and hits you on the head to indicate where your parcel is #Amazon #AmazonLocker,2019-11-14 20:57:09+00:00,#Amazon #AmazonLocker,https://twitter.com/riscarrott/status/1195083268904935424
29,Ya hay Amazon Locker. Está afuera de las oficinas de @amazonmex Hagan su pedido y lo pueden recoger aquí. #AmazonLocker ,2019-11-14 17:55:16+00:00,#AmazonLocker,https://twitter.com/lauriutz/status/1195037494305263621
30,@AmazonUK so my #delivery tracker says it’s out for delivery at 12pm and now it’s 7pm and the item still has not been delivered to my #amazonLocker - very disappointed to be honest ,2019-11-13 19:07:09+00:00,#delivery #amazonLocker,https://twitter.com/mrfto73/status/1194693196909096962
31,Best way to make sure package Pirates dont jack you're shit : #AmazonLocker ,2019-11-13 13:05:21+00:00,#AmazonLocker,https://twitter.com/SeanDro_/status/1194602148627197953
32,tweet tweet. just picked up an order from the local #amazonlocker. so cool.,2019-11-09 03:59:37+00:00,#amazonlocker,https://twitter.com/kandrich/status/1193015258803265536
33,Grazie #amazon #amazonlocker per la puntualità nella consegna. Ringrazio il #corriere che ha provveduto a consegnare il pacco contenente un gioco che si basa su un corriere al quale giocherà uno che ha a che fare coi corrieri tutti i giorni. #DeathStranding mi porto a casa il,2019-11-08 19:10:11+00:00,#amazon #amazonlocker #corriere #DeathStranding,https://twitter.com/CjHellectric/status/1192882020998897664
34,"Tranquilli tranquilli. Entro oggi (8 nov) alle 23.59 al ""mio"" #amazonlocker di fiducia. Nel mentre già arrivata email con codice per materiale Bonus.",2019-11-07 23:15:33+00:00,#amazonlocker,https://twitter.com/CjHellectric/status/1192581381894729728
35,"Camped out waiting for that #amazon truck that’s like 8 stops away, since I forgot to select the #AmazonLocker for drop off and sadly ppl be stealing anything with amazon, target or EBay on the package. – at The Boulevard",2019-11-07 19:44:55+00:00,#amazon #AmazonLocker,https://twitter.com/boredinde/status/1192528374721323015
36,"#amazonuk #amazondelivery #amazonflex good people of Great Britain, stop ordering shit if you ain't gonna be in or be bothered to leave comprehensive alternatives. Why not try an #amazonlocker instead???",2019-11-07 12:56:16+00:00,#amazonuk #amazondelivery #amazonflex #amazonlocker,https://twitter.com/mummymac70/status/1192425535718273025
37,"If you want to know how Python Dictionaries work, just think of an Amazon Locker. #coding #tech #python #python3 #programming #programmer #codingtips #dev #developer #codinglife #code #learntocode #yellow #amazon #amazonlocker #bryson",2019-11-06 01:21:19+00:00,#coding #tech #python #python3 #programming #programmer #codingtips #dev #developer #codinglife #code #learntocode #yellow #amazon #amazonlocker #bryson,https://twitter.com/mind_of_bryson/status/1191888259401449472
38,Don't forget we have an amazon locker in store - never miss your orders again. #amazonlocker #amazon #amazondelivery,2019-11-05 08:46:01+00:00,#amazonlocker #amazon #amazondelivery,https://twitter.com/shltd36/status/1191637781052841984
39,Had to reorder the item I never got and this time decided to use the #AmazonLocker to make sure it didn't go missing. I have to wait until Tuesday for then to process a refund.,2019-11-04 23:47:08+00:00,#AmazonLocker,https://twitter.com/Sirius720/status/1191502168152514566
40,A me arriverà da #amazonlocker ma fino a questa sera o domani sera nun se prova. ,2019-10-31 05:49:16+00:00,#amazonlocker,https://twitter.com/CjHellectric/status/1189781362611494912
41,"@AmazonUK love that I have an #amazonlocker next to my house now, but when my parcel is delivered to the top shelf and I can’t reach it, it proves an issue!!!! #shortgirlproblems",2019-10-28 17:14:46+00:00,#amazonlocker #shortgirlproblems,https://twitter.com/natalielumb10/status/1188866708888576002
42,Away from home on the reg? Collect and return your parcels with no hassle See more information about Amazon Locker here: http://bit.ly/2WXaAut #AmazonLocker #Liverpool,2019-10-27 11:40:02+00:00,#AmazonLocker #Liverpool,https://twitter.com/StJohnsShopping/status/1188420082919264256
43,Vai all #amazonlocker con la tua biciclettina... tanto son solo due giochi... e niente lo scatolone conteneva #CallofDutyModernWarfare stg price ed. Esclusiva #Amazon. Di #MediEvil ho paura già la copertina non è stampata bene... aiaiai #playstation #CallOfDuty,2019-10-25 11:33:42+00:00,#amazonlocker #CallofDutyModernWarfare #Amazon #MediEvil #playstation #CallOfDuty,https://twitter.com/CjHellectric/status/1187693713507659776
44,"E ciao! domani mi arriva la Sgt Price edition da #amazon. Tutti all #amazonlocker che quando digiti il codice e si apre lo scomparto, provi 'na sensazione única! ah, pure #MediEvil arriva. Yes!",2019-10-24 04:39:08+00:00,#amazon #amazonlocker #MediEvil,https://twitter.com/CjHellectric/status/1187226998499876866
45, ¿Has probado ya #AmazonLocker? Se llama Rita y es fiel a tus pedidos. Encuéntralo en el parking subterráneo de Imaginalia . Agrega a tu libreta de dirección http://www.amazon.es/lockerrita. ¡Súper práctico! ,2019-10-22 13:20:14+00:00,#AmazonLocker,https://twitter.com/ImaginaliaCC/status/1186633362888372225
46,Don’t say “sorry”. Just train your overseas customer service personnel (and maybe pay them better). I just spent 10 mins explaining to @Amazon customer service that #AmazonLocker is not “a store” where I can waltz in &amp; show ID 2 pickup package.,2019-10-20 19:32:36+00:00,#AmazonLocker,https://twitter.com/RashaElass/status/1186002296322347013
47,#amazonlocker#shirleyamazon#packyourshitandget @Ghirardelli Square https://www.instagram.com/p/B32SHoHhkbc/?igshid=4x7fdppqad0x,2019-10-20 17:20:17+00:00,,https://twitter.com/fohfolies/status/1185968995381346305
48,I #AmazonLocker,2019-10-20 06:13:45+00:00,#AmazonLocker,https://twitter.com/catherine__oh/status/1185801256025186306
49,Don't forget we have an amazon locker in store - never miss your orders again. #amazonlocker #amazon #amazondelivery,2019-10-17 17:59:01+00:00,#amazonlocker #amazon #amazondelivery,https://twitter.com/shltd36/status/1184891581016530946
50,When your #office building gets #amazonlocker installed. That’s what I call great #CustomerExperience and #proactivecare. #Amazon thanks for looking after your customers.,2019-10-17 09:59:48+00:00,#office #amazonlocker #CustomerExperience #proactivecare #Amazon,https://twitter.com/MarcinDziduch/status/1184770978955628544
51,Hola!!! Os presentamos a Lila... nuestro nuevo #AmazonLocker en #Camaretas Ya sabes... Si no vas a estar en casa ¡No te preocupes! Recoge tus pedidos en Planta 2 (junto al ascensor); Camaretas Centro Comercial #AmazonLocker #Camaretas #ElCentroComercialDeSoria,2019-10-16 13:10:05+00:00,#AmazonLocker #Camaretas #AmazonLocker #Camaretas #ElCentroComercialDeSoria,https://twitter.com/Camaretas/status/1184456480113729538
52,"Need a stress-free way to collect your parcels? Check out our #AmazonLocker, where you can collect your parcel at a time that's convenient for you. See more here: http://bit.ly/2GvCmYa",2019-10-14 10:18:01+00:00,#AmazonLocker,https://twitter.com/StJohnsShopping/status/1183688403386273793
53,Recoge cómodamente tus compras de @amazon en nuestro #AmazonLocker #pinto #pintomadrid #amazon #comprasonline,2019-10-13 15:15:04+00:00,#AmazonLocker #pinto #pintomadrid #amazon #comprasonline,https://twitter.com/plazaeboli/status/1183400767182520323
54,#Amazonlocker was the best invention ever!,2019-10-12 14:22:43+00:00,#Amazonlocker,https://twitter.com/taurus5173/status/1183025207952453634
55,#Amazonlocker 発見！！ #経堂駅 #コウノトリ,2019-10-10 08:18:23+00:00,#Amazonlocker,https://twitter.com/pipeeno7/status/1182208742017777664
56,"Hai già provato il nuovo #AmazonLocker di Reggio Emilia? Si chiama Adelmaro e ti aspetta nella filiale @credem Via Che Guevara dal lunedì al sabato, dalle 7 alle 22",2019-10-10 07:28:43+00:00,#AmazonLocker,https://twitter.com/credem/status/1182196244497752065
57,This is going to be a GAME CHANGER at Christmas! #perksofthejob #amazonlocker #beatthequeues,2019-10-09 19:02:37+00:00,#perksofthejob #amazonlocker #beatthequeues,https://twitter.com/SShNHS/status/1182008480342913024
58,¡Tenemos #AmazonLocker en #SevillaFactoryDosHermanas! Podrás recoger tus pedidos de @amazon mientras pasas un día estupendo de compras en nuestro centro comercial. http://bit.ly/2RbkF2V #Amazon #Sevilla #DosHermanas,2019-10-04 11:55:07+00:00,#AmazonLocker #SevillaFactoryDosHermanas #Amazon #Sevilla #DosHermanas,https://twitter.com/SevillaFactory/status/1180088958681800704
59,"⁦@Twitter⁩ ⁦@7eleven⁩ #AmazonLocker installed at the 7-Eleven on Washington St., #Quincypoint I feel this has its #pluses and it’s #minuses let’s see how it goes",2019-10-03 20:57:29+00:00,#AmazonLocker #Quincypoint #pluses #minuses,https://twitter.com/ShaunDemarco1/status/1179863063694061569
60,"Need a stress-free way to collect your parcels? Check out our #AmazonLocker, where you can collect your parcel at a time that's convenient for you. See more here: http://bit.ly/2WXaAut",2019-10-03 10:28:02+00:00,#AmazonLocker,https://twitter.com/StJohnsShopping/status/1179704656991268864
61,"NUEVO VÍDEO EN EL CANAL, ASÍ funciona #AMAZONLOCKER https://youtu.be/di62WRMcCtE",2019-09-30 18:43:05+00:00,#AMAZONLOCKER,https://twitter.com/rubio_tech/status/1178742077280178176
62,Don't forget we have an amazon locker in store - never miss your orders again. #amazonlocker #amazon #amazondelivery,2019-09-30 13:43:02+00:00,#amazonlocker #amazon #amazondelivery,https://twitter.com/shltd36/status/1178666566436769792
63,Did you know you can order from amazon and collect from our locker 'BIDANI' at a time that suits you. Located on Level 1 near the car park. #amazon #amazonlocker ##shopping #amazonlockers #ilford @Ilford Exchange… https://www.instagram.com/p/B24gHdyF8nA/?igshid=w40uqvysl2fg,2019-09-26 17:29:43+00:00,#amazon #amazonlocker #shopping #amazonlockers #ilford,https://twitter.com/ExchangeIlford/status/1177274059828150273
64,Franchement #amazonlocker il etait temps que ça se développe enfin ici. Commander un truc en toute confidentialité sans avoir à se dépêcher d'être à la maison pour attraper un colis c'est un super soulagement ,2019-09-24 13:45:04+00:00,#amazonlocker,https://twitter.com/SkullNDoll/status/1176492752122634245
65,#24settembre #Amazon #amazonlocker #primeday,2019-09-24 12:33:14+00:00,#24settembre #Amazon #amazonlocker #primeday,https://twitter.com/DeliveraApp/status/1176474672097087489
66,"En #LogisticalTimes, la revista online de #UNOLogistica, recopilamos las mejores soluciones del mercado https://bit.ly/2kChhnl @pudo_es @MayordomoLocker @ActumSL #Deliberty @KuvutES #UPdelivery @Send2melastmile #AmazonLocker (@amazon) @citiboxES",2019-09-23 09:50:05+00:00,#LogisticalTimes #UNOLogistica #Deliberty #UPdelivery #AmazonLocker,https://twitter.com/UNOlogistica/status/1176071225849909258
67,Nel video di questa settimana su YouTube ho provato per voi un servizio fantastico! Link in biografia o su YouTube cercate fulviobodda! #amazonlockers #amazonlocker #armadiettiamazon #armadiettismart #amazonitalia… https://www.instagram.com/p/B2qod5TCoV2/?igshid=igu4090ujsrz,2019-09-21 08:13:21+00:00,#amazonlockers #amazonlocker #armadiettiamazon #armadiettismart #amazonitalia,https://twitter.com/wolla81/status/1175322106600574976
68,"@amazon had trouble delivering my package to... Wait for it... An #AmazonLocker. Wait, what?",2019-09-20 00:28:39+00:00,#AmazonLocker,https://twitter.com/BlainPlanes/status/1174842775847804928
69,"Seems that I missed something, somewhere. #amazonlocker #germany @OMV Tankstelle https://www.instagram.com/p/B2j7kg2IlF9nXIyg_64fG5N6nESTtRDy1Fq7c00/?igshid=g1ggm0yo0b6z",2019-09-18 17:45:36+00:00,#amazonlocker #germany,https://twitter.com/kingofNewFries/status/1174378953798082560
70,"Since PassMyParcel’s demise, I can no longer collect my @AmazonUK parcels from the newsagent across the road. I now either have to endure the #awful #inconvenient #amazonlogistics or drive to an #AmazonLocker Answer? Offer us time slots or free Royal Mail Special Delivery!",2019-09-17 18:44:47+00:00,#awful #inconvenient #amazonlogistics #AmazonLocker,https://twitter.com/TheMagicPhil/status/1174031460703117312
71,RT @plazaeboli: Descubre nuestros servicios para realizar cómodamente las compras #ATuGusto http://bit.ly/2H8rnVN #centrocomercial #dogfriendly #amazonlocker #cocheselectricos,2019-09-16 14:46:14+00:00,#ATuGusto #centrocomercial #dogfriendly #amazonlocker #cocheselectricos,https://twitter.com/600voltios/status/1173609040896806915
72,Descubre nuestros servicios para realizar cómodamente las compras #ATuGusto http://bit.ly/2H8rnVN #centrocomercial #dogfriendly #amazonlocker #cocheselectricos,2019-09-16 14:15:10+00:00,#ATuGusto #centrocomercial #dogfriendly #amazonlocker #cocheselectricos,https://twitter.com/plazaeboli/status/1173601223469088768
73,Did you know you can order from amazon and collect from our locker 'BIDANI' at a time that suits you. Located on Level 1 near the car park. #amazon #amazonlocker ##shopping #amazonlockers #ilford @Ilford Exchange… https://www.instagram.com/p/B2YtYS3ldaa/?igshid=4cxhkq00zk39,2019-09-14 09:09:53+00:00,#amazon #amazonlocker #shopping #amazonlockers #ilford,https://twitter.com/ExchangeIlford/status/1172799619547455494
74,wow you can now have your stuff shipped to an #amazonlocker at participating #truckstop #truckinglife #longhaultrucker https://www.instagram.com/p/B2VTRYmhLmv/?igshid=egi2e07v3j6j,2019-09-13 01:24:02+00:00,#amazonlocker #truckstop #truckinglife #longhaultrucker,https://twitter.com/deliveries123/status/1172319997672050689
75,"Away from home, or always on the go? Why not check out our #AmazonLocker, the stress-free way to collect your parcels See more here: http://bit.ly/2WXaAut",2019-09-10 07:51:02+00:00,#AmazonLocker,https://twitter.com/StJohnsShopping/status/1171330223528456192
76,My new love. #lydia the #amazonlocker ,2019-09-07 13:38:21+00:00,#lydia #amazonlocker,https://twitter.com/stephent122/status/1170330468098695170
77,@amazon THANK YOU for getting #lockers!!! I had a #bitchass neighbor that would randomly steal my #packages because I wouldn’t be friends w/her &amp; my #anxiety . It’s back now. #AmazonLocker ,2019-09-05 20:56:05+00:00,#lockers #bitchass #packages #anxiety #AmazonLocker,https://twitter.com/AriFlyy/status/1169715851110563840
78,"¡Fiel a tus pedidos y siempre la tendrás ahí! ¿Quién es? ¡Sí, es Rita! #AmazonLocker está situado en el parking subterráneo de Imaginalia. Para recoger tus pedidos de #Amazon, solo tienes que agregar a tu libreta de dirección http://www.amazon.es/lockerrita. ¡Súper práctico! ",2019-09-05 09:10:06+00:00,#AmazonLocker #Amazon,https://twitter.com/ImaginaliaCC/status/1169538184797143041
79,"¡Recibe tus productos de #Amazon en #Metromar! Encontrarás a «Salvadora», que así se llaman nuestras taquillas, en la primera planta, frente a la sala de lactancia. Descubre su localización exacta aquí: https://bit.ly/2Hw35EI #AmazonLocker ",2019-09-04 09:00:54+00:00,#Amazon #Metromar #AmazonLocker,https://twitter.com/CCMetromar/status/1169173480060915712
80,Well this is fun... can’t believe I’ve never used this before... #amazon #amazonlocker @amazon,2019-09-03 23:34:29+00:00,#amazon #amazonlocker,https://twitter.com/martinrogers92/status/1169030936689807366
81,Monico está esperando a que vengas a recoger tu pedido En Zenia Boulevard tienes a tu disposición el servicio #AmazonLocker Junto a los aseos de la Plaza de La Lonja ,2019-09-03 16:05:24+00:00,#AmazonLocker,https://twitter.com/ZeniaCC/status/1168917920069689345
82,Did you know you can order from amazon and collect from our locker 'BIDANI' at a time that suits you. Located on Level 1 near the car park. #amazon #amazonlocker #bidani #shopping #amazonlockers @Exchange Ilford https://www.instagram.com/p/B16fbyTFb7D/?igshid=uptxds8jbj6t,2019-09-02 15:30:50+00:00,#amazon #amazonlocker #bidani #shopping #amazonlockers,https://twitter.com/ExchangeIlford/status/1168546832374534146
83,"#AmazonLocker #DriveToStore Il #servizio #AmazonLocker genera #traffico anche negli #store offline, a dispetto della convinzione secondo cui Amazon distrugga il commercio tradizionale. #AmazonLocker è un perfetto connubio di #comodità e #semplicità: si s…",2019-09-02 06:22:59+00:00,#AmazonLocker #DriveToStore #servizio #AmazonLocker #traffico #store #AmazonLocker #comodit #semplicit,https://twitter.com/_chiarettac/status/1168408961521016833
84,My Indian Amazon locker!! #amazonlocker #indianstrong https://www.instagram.com/p/B11-Q6Ngkkk/?igshid=bqptnjvqeiw8,2019-08-31 21:24:04+00:00,#amazonlocker #indianstrong,https://twitter.com/ronnyabraham/status/1167910952370491395
85,My Indian Amazon locker!! #amazonlocker #indianstrong https://www.instagram.com/p/B11-Q6Ngkkk/?igshid=l3zel2pvtwus,2019-08-31 21:24:01+00:00,#amazonlocker #indianstrong,https://twitter.com/ronnyabraham/status/1167910941696000005
86,Don't forget we have an amazon locker in store - never miss your orders again. #amazonlocker #amazon #amazondelivery,2019-08-28 10:59:01+00:00,#amazonlocker #amazon #amazondelivery,https://twitter.com/shltd36/status/1166666490390753282
87,Con nuestro #AmazonLocker y #CityPaq no volverás a quedarte sin tu paquete por no estar en casa ¡recógelo cuando quieras!,2019-08-25 09:00:31+00:00,#AmazonLocker #CityPaq,https://twitter.com/ccsextavenida/status/1165549505737089024
88,Ésto k es un minorista una PYMe o un autónomo???? #AmazonLocker ,2019-08-22 16:51:21+00:00,#AmazonLocker,https://twitter.com/alfredojr90/status/1164580831010181120
89,"Ahí tenéis otro grandote de 112 buzones! En Shell Gelves, al lado del polígono Citec dirección Sevilla. Estará activo en unos días. #amazonlocker #coriadelrio #puebladelrio #gelves en Parque Tecnológico Citec https://www.instagram.com/p/B1c7bElnAmU/?igshid=1tlprsbe9jr3a",2019-08-22 03:58:09+00:00,#amazonlocker #coriadelrio #puebladelrio #gelves,https://twitter.com/JuanjoSVQ/status/1164386247655284736
90,"Para los miembros de nuestro club PR2, tenemos un nuevo servicio exclusivo: CLICK & COLLECT. Un servicio de @amazon Locker que te permite recoger de forma fácil y sencilla tus compras online ¿A qué esperas para hacerte miembro de PR2? #MadridRío #plazario2 #ClubPR2 #AmazonLocker ",2019-08-21 18:00:37+00:00,#MadridR #plazario2 #ClubPR2 #AmazonLocker,https://twitter.com/plazario_2/status/1164235873837146113
91,#Polizei legte #Späti in #Berlin #Moabit #AltMoabit lahm. Was passiert mit den dort zugestellten #Amazon #AmazonLocker Paketen??? ,2019-08-20 15:50:37+00:00,#Polizei #Sp #Berlin #Moabit #AltMoabit #Amazon #AmazonLocker,https://twitter.com/felixwolfphoto/status/1163840769343598592
92,Nuova amica a #saronno #katiuscia #amazon #amazonlocker #consegne @Saronno https://www.instagram.com/p/B1UOIyOIfUI/?igshid=1pz8meiakwfd3,2019-08-18 18:48:35+00:00,#saronno #katiuscia #amazon #amazonlocker #consegne,https://twitter.com/saronno80/status/1163160782084947969
93,#amazonlockernearme #amazonlocker #amazonhub #amazon,2019-08-17 19:25:05+00:00,#amazonlockernearme #amazonlocker #amazonhub #amazon,https://twitter.com/vishalratan2/status/1162807578025267202
94,Don't forget we have an amazon locker in store - never miss your orders again. #amazonlocker #amazon #amazondelivery,2019-08-16 16:55:07+00:00,#amazonlocker #amazon #amazondelivery,https://twitter.com/shltd36/status/1162407451918028801
95,"Wow, das in unserem Nachbar Kaff. #amazon #amazonlocker ",2019-08-16 12:55:10+00:00,#amazon #amazonlocker,https://twitter.com/nerdweib/status/1162347065030172673
96,Don't forget we have an amazon locker in store - never miss your orders again. #amazonlocker #amazon #amazondelivery,2019-08-14 07:58:00+00:00,#amazonlocker #amazon #amazondelivery,https://twitter.com/shltd36/status/1161547505542340608
97,"Je viens de voir qu’il y avais un #AmazonLocker prêt de chez moi, quelqu’un a déjà essayé ?",2019-08-13 13:13:14+00:00,#AmazonLocker,https://twitter.com/Raike_Ow/status/1161264448872615941
98,"I’m working my hardest to get @amazon to put an #Amazonlocker at the deli, I think this would be very helpful to people on west point that don’t have a physical address. Come on #Amazon, work with me, support @WestPoint_USMA and the #Troops! #Goarmy #Westpoint #highlandfalls",2019-08-12 19:01:49+00:00,#Amazonlocker #Amazon #Troops #Goarmy #Westpoint #highlandfalls,https://twitter.com/TGDJoe/status/1160989786263445504
99,Bientôt dans vos gares de #GivorsVille et #Firminy la mise en service des consignes #AmazonLocker. Les clients @SNCFTERAURA et habitants aux alentours de @saint_etienne_ pourront désormais récupérer leurs colis en moins de 15 secondes ! https://www.amazon.fr/b?ie=UTF8&amp;node=5193561031 @ConnectGares,2019-08-12 09:23:40+00:00,#GivorsVille #Firminy #AmazonLocker,https://twitter.com/estell_sncf_ste/status/1160844289590616065
